item_ID,title,original_language,runtime,release_date,budget,revenue,Genre_Action,Genre_Adventure,Genre_Animation,Genre_Comedy,Genre_Crime,Genre_Documentary,Genre_Drama,Genre_Family,Genre_Fantasy,Genre_Foreign,Genre_History,Genre_Horror,Genre_Music,Genre_Mystery,Genre_Romance,Genre_Science Fiction,Genre_TV Movie,Genre_Thriller,Genre_War,Genre_Western
1408,Cutthroat Island,en,119.0,1995-12-22,98000000,10017322.0,1,1,0,0,0,0,0,0,0,0,0,0,0,0,0,0,0,0,0,0
524,Casino,en,178.0,1995-11-22,52000000,116112375.0,0,0,0,0,1,0,1,0,0,0,0,0,0,0,0,0,0,0,0,0
5,Four Rooms,en,98.0,1995-12-09,4000000,4300000.0,0,0,0,1,1,0,0,0,0,0,0,0,0,0,0,0,0,0,0,0
902,The City of Lost Children,fr,108.0,1995-05-16,18000000,1738611.0,0,1,0,0,0,0,0,0,1,0,0,0,0,0,0,1,0,0,0,0
2054,Mr. Holland's Opus,en,137.0,1995-12-29,0,106269971.0,0,0,0,0,0,0,1,1,0,0,0,0,1,0,0,0,0,0,0,0
880,Antonia's Line,nl,102.0,1995-09-12,900000,0.0,0,0,0,1,0,0,1,0,0,0,0,0,0,0,0,0,0,0,0,0
688,The Bridges of Madison County,en,135.0,1995-05-28,24000000,182016617.0,0,0,0,0,0,0,1,0,0,0,0,0,0,0,1,0,0,0,0,0
1873,Beyond Rangoon,en,100.0,1995-05-24,0,0.0,0,0,0,0,0,0,1,0,0,0,0,0,0,0,0,0,0,1,0,0
281,Strange Days,en,145.0,1995-10-13,42000000,7959291.0,0,0,0,0,1,0,1,0,0,0,0,0,0,0,0,1,0,1,0,0
76,Before Sunrise,en,105.0,1995-01-27,2500000,5535405.0,0,0,0,0,0,0,1,0,0,0,0,0,0,0,1,0,0,0,0,0
1909,Don Juan DeMarco,en,97.0,1994-10-01,25000000,22200000.0,0,0,0,1,0,0,1,0,0,0,0,0,0,0,1,0,0,0,0,0
8984,Disclosure,en,123.0,1994-12-09,55000000,214015089.0,0,0,0,0,1,0,1,0,0,0,0,0,0,1,1,0,0,1,0,0
628,Interview with the Vampire,en,123.0,1994-11-11,60000000,223664608.0,0,0,0,0,0,0,0,0,0,0,0,1,0,0,1,0,0,0,0,0
11,Star Wars,en,121.0,1977-05-25,11000000,775398007.0,1,1,0,0,0,0,0,0,0,0,0,0,0,0,0,1,0,0,0,0
1945,Nell,en,112.0,1994-12-23,31000000,106683817.0,0,0,0,0,0,0,1,0,0,0,0,0,0,0,0,0,0,1,0,0
527,Once Were Warriors,en,99.0,1994-09-02,0,2201126.0,0,0,0,0,0,0,1,0,0,0,0,0,0,0,0,0,0,0,0,0
101,Leon: The Professional,fr,110.0,1994-09-14,16000000,45284974.0,0,0,0,0,1,0,1,0,0,0,0,0,0,0,0,0,0,1,0,0
110,Three Colors: Red,fr,99.0,1994-05-27,0,0.0,0,0,0,0,0,0,1,0,0,0,0,0,0,1,1,0,0,0,0,0
193,Star Trek: Generations,en,118.0,1994-11-17,38000000,120000000.0,1,1,0,0,0,0,0,0,0,0,0,0,0,0,0,1,0,1,0,0
1587,What's Eating Gilbert Grape,en,118.0,1993-12-17,11000000,10032765.0,0,0,0,0,0,0,1,0,0,0,0,0,0,0,1,0,0,0,0,0
2064,While You Were Sleeping,en,103.0,1995-04-21,17000000,182057016.0,0,0,0,1,0,0,1,0,0,0,0,0,0,0,1,0,0,0,0,0
236,Muriel's Wedding,en,106.0,1994-09-29,3000000,15119639.0,0,0,0,1,0,0,1,0,0,0,0,0,0,0,1,0,0,0,0,0
2759,"The Adventures of Priscilla, Queen of the Desert",en,104.0,1994-05-31,0,11220670.0,0,0,0,1,0,0,1,0,0,0,0,0,0,0,0,0,0,0,0,0
2788,Reality Bites,en,99.0,1994-02-18,11500000,20079850.0,0,0,0,0,0,0,1,0,0,0,0,0,0,0,0,0,0,0,0,0
315,"Faster, Pussycat! Kill! Kill!",en,83.0,1965-08-06,45000,0.0,1,0,0,0,1,0,0,0,0,0,0,0,0,0,0,0,0,0,0,0
306,Beverly Hills Cop III,en,104.0,1994-05-24,50000000,119208989.0,1,0,0,1,1,0,0,0,0,0,0,0,0,0,0,0,0,0,0,0
2124,Color of Night,en,121.0,1994-08-19,40000000,19726050.0,0,0,0,0,0,0,1,0,0,0,0,0,0,1,1,0,0,1,0,0
2087,The Getaway,en,115.0,1994-02-11,0,30.0,1,0,0,0,0,0,1,0,0,0,0,0,0,0,0,0,0,1,0,0
2019,Hard Target,en,97.0,1993-08-20,18000000,74189677.0,1,1,0,0,1,0,0,0,0,0,0,0,0,0,0,0,0,1,0,0
6,Judgment Night,en,110.0,1993-10-15,0,12136938.0,1,0,0,0,1,0,0,0,0,0,0,0,0,0,0,0,0,1,0,0
329,Jurassic Park,en,127.0,1993-06-11,63000000,920100000.0,0,1,0,0,0,0,0,0,0,0,0,0,0,0,0,1,0,0,0,0
507,Killing Zoe,en,96.0,1993-10-01,1500000,418961.0,1,0,0,0,1,0,1,0,0,0,0,0,0,0,0,0,0,1,0,0
788,Mrs. Doubtfire,en,125.0,1993-11-24,25000000,441286195.0,0,0,0,1,0,0,1,1,0,0,0,0,0,0,0,0,0,0,0,0
1245,The Remains of the Day,en,134.0,1993-11-05,11500000,23237911.0,0,0,0,0,0,0,1,0,0,0,0,0,0,0,1,0,0,0,0,0
2088,Romeo Is Bleeding,en,100.0,1993-09-13,11500000,3275585.0,1,0,0,0,1,0,1,0,0,0,0,0,0,0,0,0,0,1,0,0
858,Sleepless in Seattle,en,105.0,1993-06-24,21000000,227799884.0,0,0,0,1,0,0,1,0,0,0,0,0,0,0,1,0,0,0,0,0
319,True Romance,en,120.0,1993-09-09,12500000,12281551.0,1,0,0,0,1,0,0,0,0,0,0,0,0,0,1,0,0,1,0,0
280,Terminator 2: Judgment Day,en,137.0,1991-07-01,100000000,520000000.0,1,0,0,0,0,0,0,0,0,0,0,0,0,0,0,1,0,1,0,0
2021,Jack & Sarah,en,110.0,1995-06-02,0,218626.0,0,0,0,1,0,0,1,0,0,0,0,0,0,0,1,0,0,0,0,0
954,Mission: Impossible,en,110.0,1996-05-22,80000000,457696359.0,1,1,0,0,0,0,0,0,0,0,0,0,0,0,0,0,0,1,0,0
2300,Space Jam,en,88.0,1996-11-15,80000000,250200000.0,0,0,1,1,0,0,1,1,1,0,0,0,0,0,0,0,0,0,0,0
922,Dead Man,en,121.0,1995-12-23,9000000,0.0,0,0,0,0,0,0,1,0,1,0,0,0,0,0,0,0,0,0,0,1
532,A Close Shave,en,30.0,1995-12-24,0,0.0,0,0,1,1,0,0,0,1,0,0,0,0,0,0,0,0,0,0,0,0
1645,A Time to Kill,en,149.0,1996-07-24,40000000,152266007.0,0,0,0,0,1,0,1,0,0,0,0,0,0,0,0,0,0,1,0,0
164,Breakfast at Tiffany's,en,110.0,1961-10-05,2500000,9500000.0,0,0,0,1,0,0,1,0,0,0,0,0,0,0,1,0,0,0,0,0
426,Vertigo,en,128.0,1958-05-09,2479000,28000000.0,0,0,0,0,0,0,0,0,0,0,0,0,0,1,1,0,0,1,0,0
239,Some Like It Hot,en,122.0,1959-03-18,2883848,25000000.0,0,0,0,1,0,0,0,0,0,0,0,0,0,0,1,0,0,0,0,0
289,Casablanca,en,102.0,1942-11-26,878000,10462500.0,0,0,0,0,0,0,1,0,0,0,0,0,0,0,1,0,0,0,0,0
6620,Sabrina,en,113.0,1954-09-28,2238813,10000000.0,0,0,0,1,0,0,1,0,0,0,0,0,0,0,1,0,0,0,0,0
909,Meet Me in St. Louis,en,113.0,1944-11-23,0,0.0,0,0,0,1,0,0,0,0,0,0,0,0,1,0,1,0,0,0,0,0
599,Sunset Boulevard,en,110.0,1950-08-10,1752000,5000000.0,0,0,0,0,0,0,1,0,0,0,0,0,0,0,0,0,0,0,0,0
62,2001: A Space Odyssey,en,149.0,1968-04-10,10500000,68700000.0,0,1,0,0,0,0,0,0,0,0,0,0,0,1,0,1,0,0,0,0
223,Rebecca,en,130.0,1940-04-12,1288000,6000000.0,0,0,0,0,0,0,1,0,0,0,0,0,0,1,0,0,0,0,0,0
303,Notorious,en,102.0,1946-08-15,2000000,24464742.0,0,0,0,0,0,0,1,0,0,0,0,0,0,0,1,0,0,1,0,0
381,To Catch a Thief,en,106.0,1955-08-03,2500000,8750000.0,0,0,0,0,1,0,1,0,0,0,0,0,0,1,1,0,0,1,0,0
198,To Be or Not to Be,en,99.0,1942-03-05,0,0.0,0,0,0,1,0,0,0,0,0,0,0,0,0,0,0,0,0,0,1,0
3083,Mr. Smith Goes to Washington,en,129.0,1939-10-19,1500000,9600000.0,0,0,0,1,0,0,1,0,0,0,0,0,0,0,0,0,0,0,0,0
900,Bringing Up Baby,en,102.0,1938-02-18,1073000,0.0,0,0,0,1,0,0,0,0,0,0,0,0,0,0,1,0,0,0,0,0
260,The 39 Steps,en,86.0,1935-06-01,0,0.0,1,0,0,0,0,0,0,0,0,0,0,0,0,1,0,0,0,1,0,0
261,Cat on a Hot Tin Roof,en,108.0,1958-02-17,3000000,17570324.0,0,0,0,0,0,0,1,0,0,0,0,0,0,0,1,0,0,0,0,0
173,"20,000 Leagues Under the Sea",en,127.0,1954-12-23,5000000,28200000.0,0,1,0,0,0,0,1,0,0,0,0,0,0,0,0,1,0,0,0,0
562,Die Hard,en,131.0,1988-07-15,28000000,140767956.0,1,0,0,0,0,0,0,0,0,0,0,0,0,0,0,0,0,1,0,0
454,Romeo + Juliet,en,120.0,1996-10-31,14500000,147298761.0,0,0,0,0,0,0,1,0,0,0,0,0,0,0,1,0,0,0,0,0
1834,"Murder, My Sweet",en,95.0,1944-12-09,0,0.0,0,0,0,0,1,0,1,0,0,0,0,0,0,1,0,0,0,1,0,0
252,Willy Wonka & the Chocolate Factory,en,100.0,1971-06-29,3000000,4000000.0,0,0,0,0,0,0,0,1,1,0,0,0,0,0,0,0,0,0,0,0
475,Bonnie and Clyde,en,111.0,1967-07-18,2500000,50700000.0,0,0,0,0,1,0,1,0,0,0,0,0,0,0,0,0,0,0,0,0
88,Dirty Dancing,en,100.0,1987-08-21,6000000,213954274.0,0,0,0,0,0,0,1,0,0,0,0,0,1,0,1,0,0,0,0,0
500,Reservoir Dogs,en,99.0,1992-09-02,1200000,14661007.0,0,0,0,0,1,0,0,0,0,0,0,0,0,0,0,0,0,1,0,0
1103,Escape from New York,en,99.0,1981-05-22,6000000,50244700.0,1,0,0,0,0,0,0,0,0,0,0,0,0,0,0,1,0,0,0,0
762,Monty Python and the Holy Grail,en,91.0,1975-03-13,400000,5028948.0,0,1,0,1,0,0,0,0,1,0,0,0,0,0,0,0,0,0,0,0
531,The Wrong Trousers,en,30.0,1993-12-17,0,0.0,0,0,1,1,0,0,0,1,0,0,0,0,0,0,0,0,0,0,0,0
2469,Tie Me Up! Tie Me Down!,es,111.0,1989-12-12,0,0.0,0,0,0,1,1,0,1,0,0,0,0,0,0,0,1,0,0,0,0,0
185,A Clockwork Orange,en,136.0,1971-12-18,2200000,26589000.0,0,0,0,0,0,0,1,0,0,0,0,0,0,0,0,1,0,0,0,0
595,To Kill a Mockingbird,en,129.0,1962-12-25,2000000,13129846.0,0,0,0,0,1,0,1,0,0,0,0,0,0,0,0,0,0,0,0,0
28,Apocalypse Now,en,153.0,1979-08-15,31500000,89460381.0,0,0,0,0,0,0,1,0,0,0,0,0,0,0,0,0,0,0,1,0
1892,Return of the Jedi,en,135.0,1983-05-23,32350000,572700000.0,1,1,0,0,0,0,0,0,0,0,0,0,0,0,0,1,0,0,0,0
144,Wings of Desire,de,128.0,1987-01-01,2500000,3200000.0,0,0,0,0,0,0,1,0,1,0,0,0,0,0,1,0,0,0,0,0
1092,The Third Man,en,104.0,1949-08-31,0,596349.0,0,0,0,0,0,0,0,0,0,0,0,0,0,1,0,0,0,1,0,0
348,Alien,en,117.0,1979-05-25,11000000,104931801.0,1,0,0,0,0,0,0,0,0,0,0,1,0,0,0,1,0,1,0,0
175,The Big Blue,fr,168.0,1988-05-11,0,0.0,0,1,0,0,0,0,1,0,0,0,0,0,0,0,1,0,0,0,0,0
539,Psycho,en,109.0,1960-06-16,806948,32000000.0,0,0,0,0,0,0,1,0,0,0,0,1,0,0,0,0,0,1,0,0
490,The Seventh Seal,sv,96.0,1957-02-16,0,0.0,0,0,0,0,0,0,1,0,1,0,0,0,0,0,0,0,0,0,0,0
218,The Terminator,en,108.0,1984-10-26,6400000,78371200.0,1,0,0,0,0,0,0,0,0,0,0,0,0,0,0,1,0,1,0,0
379,Miller's Crossing,en,115.0,1990-09-21,14000000,5080409.0,0,0,0,0,1,0,1,0,0,0,0,0,0,0,0,0,0,1,0,0
207,Dead Poets Society,en,129.0,1989-06-02,16400000,235860116.0,0,0,0,0,0,0,1,0,0,0,0,0,0,0,0,0,0,0,0,0
235,Stand by Me,en,89.0,1986-08-22,8000000,52287414.0,0,0,0,0,1,0,1,0,0,0,0,0,0,0,0,0,0,0,0,0
832,M,de,117.0,1931-05-11,0,0.0,1,0,0,0,1,0,1,0,0,0,0,0,0,0,0,0,0,1,0,0
765,Evil Dead II,en,84.0,1987-03-13,3600000,5923044.0,0,0,0,1,0,0,0,0,1,0,0,1,0,0,0,0,0,0,0,0
105,Back to the Future,en,116.0,1985-07-03,19000000,381109762.0,0,1,0,1,0,0,0,1,0,0,0,0,0,0,0,1,0,0,0,0
903,Cool Hand Luke,en,126.0,1967-06-22,3000000,16217773.0,0,0,0,0,1,0,1,0,0,0,0,0,0,0,0,0,0,0,0,0
3034,Young Frankenstein,en,106.0,1974-12-15,2800000,86273333.0,0,0,0,1,0,0,0,0,0,0,0,0,0,0,0,1,0,0,0,0
339,Night on Earth,en,129.0,1991-10-03,3500000,2015810.0,0,0,0,1,0,0,1,0,0,0,0,0,0,0,0,0,0,0,0,0
914,The Great Dictator,en,125.0,1940-10-15,2000000,11000000.0,0,0,0,1,0,0,0,0,0,0,0,0,0,0,0,0,0,0,0,0
288,High Noon,en,85.0,1952-03-27,730000,8000000.0,0,0,0,0,0,0,0,0,0,0,0,0,0,0,0,0,0,0,0,1
910,The Big Sleep,en,116.0,1946-08-23,0,0.0,0,0,0,0,1,0,1,0,0,0,0,0,0,1,0,0,0,1,0,0
2640,Heathers,en,102.0,1988-10-01,0,1108462.0,0,0,0,1,0,0,1,0,0,0,0,0,0,0,0,0,0,1,0,0
89,Indiana Jones and the Last Crusade,en,127.0,1989-05-24,48000000,474171806.0,1,1,0,0,0,0,0,0,0,0,0,0,0,0,0,0,0,0,0,0
783,Gandhi,en,191.0,1982-11-30,22000000,77737889.0,0,0,0,0,0,0,1,0,0,0,1,0,0,0,0,0,0,0,0,0
830,Forbidden Planet,en,98.0,1956-03-15,1900000,3250000.0,1,1,0,0,0,0,0,0,0,0,0,0,0,0,0,1,0,0,0,0
377,A Nightmare on Elm Street,en,91.0,1984-11-14,1800000,25504513.0,0,0,0,0,0,0,0,0,0,0,0,1,0,0,0,0,0,0,0,0
653,Nosferatu,de,94.0,1922-03-15,0,0.0,0,0,0,0,0,0,0,0,1,0,0,1,0,0,0,0,0,0,0,0
145,Breaking the Waves,da,159.0,1996-05-13,0,3803298.0,0,0,0,0,0,0,1,0,0,0,0,0,0,0,1,0,0,0,0,0
1573,Die Hard 2,en,124.0,1990-07-02,70000000,240031094.0,1,0,0,0,0,0,0,0,0,0,0,0,0,0,0,0,0,1,0,0
172,Star Trek V: The Final Frontier,en,107.0,1989-06-09,30000000,70200000.0,1,1,0,0,0,0,0,0,0,0,0,0,0,0,0,1,0,1,0,0
154,Star Trek II: The Wrath of Khan,en,113.0,1982-06-03,12000000,96800000.0,1,1,0,0,0,0,0,0,0,0,0,0,0,0,0,1,0,1,0,0
168,Star Trek IV: The Voyage Home,en,119.0,1986-11-25,24000000,133000000.0,0,1,0,0,0,0,0,0,0,0,0,0,0,0,0,1,0,0,0,0
364,Batman Returns,en,126.0,1992-06-19,80000000,280000000.0,1,0,0,0,0,0,0,0,1,0,0,0,0,0,0,0,0,0,0,0
4232,Scream,en,111.0,1996-12-20,14000000,173046663.0,0,0,0,0,1,0,0,0,0,0,0,1,0,1,0,0,0,0,0,0
784,Kolya,cs,105.0,1996-05-05,0,5770254.0,0,0,0,1,0,0,1,0,0,0,0,0,1,0,0,0,0,0,0,0
1968,Fools Rush In,en,109.0,1997-02-14,0,29481428.0,0,0,0,1,0,0,1,0,0,0,0,0,0,0,1,0,0,0,0,0
18,The Fifth Element,en,126.0,1997-05-07,90000000,263920180.0,1,1,0,0,0,0,0,0,1,0,0,0,0,0,0,1,0,1,0,0
2058,Addicted to Love,en,100.0,1997-05-23,0,34673095.0,0,0,0,1,0,0,0,0,0,0,0,0,0,0,1,0,0,0,0,0
33660,Shiloh,en,93.0,1996-11-30,0,0.0,0,0,0,0,0,0,1,1,0,0,0,0,0,0,0,0,0,0,0,0
1701,Con Air,en,115.0,1997-06-01,75000000,224012234.0,1,0,0,0,1,0,0,0,0,0,0,0,0,0,0,0,0,1,0,0
1639,Speed 2: Cruise Control,en,121.0,1997-06-13,160000000,164508066.0,1,1,0,0,0,0,0,0,0,0,0,0,0,0,0,0,0,1,0,0
415,Batman & Robin,en,125.0,1997-06-20,125000000,238207122.0,1,0,0,0,1,0,0,0,1,0,0,0,0,0,0,0,0,0,0,0
8874,My Best Friend's Wedding,en,105.0,1997-06-19,38000000,299288605.0,0,0,0,1,0,0,0,0,0,0,0,0,0,0,1,0,0,0,0,0
266,Contempt,fr,103.0,1963-10-21,900000,528428.0,0,0,0,0,0,0,1,0,0,0,0,0,0,0,0,0,0,0,0,0
468,My Own Private Idaho,en,104.0,1991-10-17,2500000,0.0,0,0,0,0,0,0,1,0,0,0,0,0,0,0,1,0,0,0,0,0
2118,L.A. Confidential,en,138.0,1997-09-19,35000000,126216940.0,0,0,0,0,1,0,1,0,0,0,0,0,0,1,0,0,0,1,0,0
1959,Swept from the Sea,en,113.0,1998-01-23,0,0.0,0,0,0,0,0,0,1,0,0,0,0,0,0,0,1,0,0,0,0,0
1281,Bean,en,85.0,1997-07-03,18000000,251212670.0,0,0,0,1,0,0,0,0,0,0,0,0,0,0,0,0,0,0,0,0
4995,Boogie Nights,en,155.0,1997-09-11,15000000,43101594.0,0,0,0,0,0,0,1,0,0,0,0,0,0,0,0,0,0,0,0,0
489,Good Will Hunting,en,126.0,1997-12-05,10000000,225933435.0,0,0,0,0,0,0,1,0,0,0,0,0,0,0,0,0,0,0,0,0
6283,MouseHunt,en,98.0,1997-12-19,38000000,122417389.0,0,0,0,1,0,0,0,1,0,0,0,0,0,0,0,0,0,0,0,0
597,Titanic,en,194.0,1997-11-18,200000000,1845034188.0,0,0,0,0,0,0,1,0,0,0,0,0,0,0,1,0,0,1,0,0
714,Tomorrow Never Dies,en,119.0,1997-12-11,110000000,333011068.0,1,1,0,0,0,0,0,0,0,0,0,0,0,0,0,0,0,1,0,0
586,Wag the Dog,en,97.0,1997-12-25,15000000,64256513.0,0,0,0,1,0,0,1,0,0,0,0,0,0,0,0,0,0,0,0,0
267,Live Flesh,es,103.0,1997-10-28,0,1535558.0,0,0,0,0,0,0,1,0,0,0,0,0,0,0,1,0,0,1,0,0
1965,A Perfect Murder,en,107.0,1998-06-05,60000000,128038368.0,0,0,0,0,1,0,1,0,0,0,0,0,0,0,0,0,0,1,0,0
95,Armageddon,en,151.0,1998-07-01,140000000,553799566.0,1,1,0,0,0,0,0,0,0,0,0,0,0,0,0,1,0,1,0,0
380,Rain Man,en,133.0,1988-12-11,25000000,412800000.0,0,0,0,0,0,0,1,0,0,0,0,0,0,0,0,0,0,0,0,0
466,Klute,en,114.0,1971-06-21,2500000,0.0,0,0,0,0,0,0,0,0,0,0,0,0,0,1,0,0,0,0,0,0
2108,The Breakfast Club,en,97.0,1985-02-15,1000000,51525171.0,0,0,0,1,0,0,1,0,0,0,0,0,0,0,0,0,0,0,0,0
928,Gremlins 2: The New Batch,en,106.0,1990-06-15,50000000,41482207.0,0,0,0,1,0,0,0,0,1,0,0,1,0,0,0,0,0,0,0,0
19,Metropolis,de,153.0,1927-01-10,92620000,650422.0,0,0,0,0,0,0,1,0,0,0,0,0,0,0,0,1,0,0,0,0
165,Back to the Future Part II,en,108.0,1989-11-20,40000000,332000000.0,0,1,0,1,0,0,0,1,0,0,0,0,0,0,0,1,0,0,0,0
196,Back to the Future Part III,en,118.0,1990-05-25,40000000,244527583.0,0,1,0,1,0,0,0,1,0,0,0,0,0,0,0,1,0,0,0,0
551,The Poseidon Adventure,en,117.0,1972-12-01,5000000,84563118.0,1,1,0,0,0,0,0,0,0,0,0,0,0,0,0,0,0,0,0,0
1411,The Rapture,en,100.0,1991-10-04,1227401,1277401.0,0,0,0,0,0,0,1,0,0,0,0,0,0,1,0,0,0,0,0,0
1779,Roger & Me,en,91.0,1989-09-01,160000,6706368.0,0,0,0,0,0,1,0,0,0,0,1,0,0,0,0,0,0,0,0,0
227,The Outsiders,en,91.0,1983-03-25,10000000,33697647.0,0,0,0,0,1,0,1,0,0,0,0,0,0,0,0,0,0,0,0,0
805,Rosemary's Baby,en,136.0,1968-06-12,3200000,33395426.0,0,0,0,0,0,0,1,0,0,0,0,1,0,1,0,0,0,0,0,0
4011,Beetlejuice,en,92.0,1988-02-29,15000000,73326666.0,0,0,0,1,0,0,0,0,1,0,0,0,0,0,0,0,0,0,0,0
1580,Rope,en,80.0,1948-08-23,1500000,2200000.0,0,0,0,0,1,0,1,0,0,0,0,0,0,1,0,0,0,1,0,0
940,The Lady Vanishes,en,96.0,1938-07-26,0,0.0,0,0,0,0,0,0,0,0,0,0,0,0,0,1,0,0,0,1,0,0
2762,Young and Innocent,en,83.0,1937-11-01,0,0.0,0,0,0,0,1,0,1,0,0,0,0,0,0,0,0,0,0,0,0,0
2761,Secret Agent,en,86.0,1936-06-12,0,0.0,0,0,0,0,0,0,0,0,0,0,0,0,0,0,0,0,0,1,0,0
543,Blackmail,en,84.0,1929-06-30,0,0.0,0,0,0,0,1,0,1,0,0,0,0,0,0,0,0,0,0,1,0,0
431,Cube,en,90.0,1997-09-09,250000,501818.0,0,0,0,0,0,0,0,0,0,0,0,0,0,1,0,1,0,1,0,0
2321,Married to the Mob,en,104.0,1988-08-19,10000000,21486757.0,0,0,0,1,1,0,0,0,0,0,0,0,0,0,1,0,0,0,0,0
2028,Say Anything...,en,100.0,1989-04-14,0,20036737.0,0,0,0,1,0,0,1,0,0,0,0,0,0,0,1,0,0,0,0,0
5971,We're No Angels,en,106.0,1989-12-15,20000000,0.0,0,0,0,1,1,0,1,0,0,0,0,0,0,0,0,0,0,0,0,0
2109,Rush Hour,en,98.0,1998-09-18,33000000,244386864.0,1,0,0,1,1,0,0,0,0,0,0,0,0,0,0,0,0,1,0,0
1091,The Thing,en,109.0,1982-06-25,15000000,19629760.0,0,0,0,0,0,0,0,0,0,0,0,1,0,1,0,1,0,0,0,0
162,Edward Scissorhands,en,105.0,1990-12-05,20000000,53000000.0,0,0,0,0,0,0,1,0,1,0,0,0,0,0,1,0,0,0,0,0
4975,Love Is the Devil: Study for a Portrait of Francis Bacon,en,90.0,1998-09-16,0,0.0,0,0,0,0,0,0,1,0,0,0,0,0,0,0,0,0,1,0,0,0
1955,The Elephant Man,en,124.0,1980-10-02,5000000,26010864.0,0,0,0,0,0,0,1,0,0,0,1,0,0,0,0,0,0,0,0,0
2657,Pleasantville,en,124.0,1998-09-17,0,0.0,0,0,0,1,0,0,1,0,1,0,0,0,0,0,0,0,0,0,0,0
637,Life Is Beautiful,it,116.0,1997-12-20,20000000,229400000.0,0,0,0,1,0,0,1,0,0,0,0,0,0,0,0,0,0,0,0,0
3033,Gods and Monsters,en,105.0,1998-01-21,10000000,6451628.0,0,0,0,0,0,0,1,0,0,0,0,0,0,0,0,0,0,0,0,0
1678,Godzilla,ja,96.0,1954-11-03,1000000,0.0,0,0,0,0,0,0,0,0,0,0,0,1,0,0,0,1,0,1,0,0
1680,King Kong vs. Godzilla,ja,98.0,1962-08-11,0,0.0,1,1,0,0,0,0,0,0,0,0,0,0,0,0,0,1,0,0,0,0
707,A View to a Kill,en,131.0,1985-05-24,30000000,152427960.0,1,1,0,0,0,0,0,0,0,0,0,0,0,0,0,0,0,1,0,0
1370,Rambo III,en,102.0,1988-05-24,63000000,189015611.0,1,1,0,0,0,0,0,0,0,0,0,0,0,0,0,0,0,1,1,0
1367,Rocky II,en,119.0,1979-06-15,7000000,200182160.0,0,0,0,0,0,0,1,0,0,0,0,0,0,0,0,0,0,0,0,0
1371,Rocky III,en,99.0,1982-05-28,17000000,270000000.0,0,0,0,0,0,0,1,0,0,0,0,0,0,0,0,0,0,0,0,0
1374,Rocky IV,en,91.0,1985-11-21,31000000,300473716.0,0,0,0,0,0,0,1,0,0,0,0,0,0,0,0,0,0,0,0,0
1375,Rocky V,en,104.0,1990-10-18,42000000,119946358.0,0,0,0,0,0,0,1,0,0,0,0,0,0,0,0,0,0,0,0,0
1885,The Karate Kid,en,126.0,1984-06-22,8000000,90815558.0,0,0,0,0,0,0,1,0,0,0,0,0,0,0,0,0,0,0,0,0
1688,Conquest of the Planet of the Apes,en,88.0,1972-06-29,1700000,9700000.0,1,0,0,0,0,0,0,0,0,0,0,0,0,0,0,1,0,0,0,0
1687,Escape from the Planet of the Apes,en,98.0,1971-05-20,2500000,12348905.0,1,0,0,0,0,0,0,0,0,0,0,0,0,0,0,1,0,0,0,0
1641,Forces of Nature,en,105.0,1999-03-12,75000000,93888180.0,0,0,0,1,0,0,0,0,0,0,0,0,0,0,1,0,0,0,0,0
8970,The Out-of-Towners,en,90.0,1999-04-02,75000000,29000000.0,0,0,0,1,0,0,0,0,0,0,0,0,0,0,0,0,0,0,0,0
30793,House of Dracula,en,67.0,1945-12-06,0,0.0,0,0,0,0,0,0,0,0,0,0,0,1,0,0,0,1,0,0,0,0
509,Notting Hill,en,124.0,1999-05-13,42000000,363889678.0,0,0,0,1,0,0,1,0,0,0,0,0,0,0,1,0,0,0,0,0
1090,The Thirteenth Floor,en,100.0,1999-04-16,16000000,18564088.0,0,0,0,0,0,0,0,0,0,0,0,0,0,1,0,1,0,1,0,0
104,Run Lola Run,de,81.0,1998-08-20,1530000,7267585.0,1,0,0,0,0,0,1,0,0,0,0,0,0,0,0,0,0,1,0,0
2105,American Pie,en,95.0,1999-07-09,11000000,235483004.0,0,0,0,1,0,0,0,0,0,0,0,0,0,0,1,0,0,0,0,0
1073,Arlington Road,en,117.0,1999-03-19,21500000,0.0,0,0,0,0,0,0,1,0,0,0,0,0,0,1,0,0,0,1,0,0
345,Eyes Wide Shut,en,159.0,1999-07-14,65000000,162091208.0,0,0,0,0,0,0,1,0,0,0,0,0,0,1,0,0,0,0,0,0
8914,Deep Blue Sea,en,105.0,1999-07-28,60000000,73648228.0,1,0,0,0,0,0,0,0,0,0,0,0,0,0,0,1,0,1,0,0
247,The Killing,en,85.0,1956-05-08,320000,0.0,1,0,0,0,1,0,1,0,0,0,0,0,0,0,0,0,0,1,0,0
802,Lolita,en,153.0,1962-06-13,2000000,9250000.0,0,0,0,0,0,0,1,0,0,0,0,0,0,0,1,0,0,0,0,0
3175,Barry Lyndon,en,184.0,1975-12-18,11000000,20000000.0,0,0,0,0,0,0,1,0,0,0,0,0,0,0,1,0,0,0,1,0
147,The 400 Blows,fr,99.0,1959-05-04,0,0.0,0,0,0,0,0,0,1,0,0,0,0,0,0,0,0,0,0,0,0,0
2115,Light of Day,en,107.0,1987-02-06,0,0.0,0,0,0,0,0,0,1,0,0,0,0,0,1,0,0,0,0,0,0,0
3526,Frances,en,140.0,1982-12-03,0,5000000.0,0,0,0,0,0,0,1,0,0,0,0,0,0,0,0,0,0,0,0,0
745,The Sixth Sense,en,107.0,1999-08-06,40000000,672806292.0,0,0,0,0,0,0,1,0,0,0,0,0,0,1,0,0,0,1,0,0
913,The Thomas Crown Affair,en,113.0,1999-08-06,48000000,124305181.0,0,0,0,0,1,0,1,0,0,0,0,0,0,0,1,0,0,0,0,0
912,The Thomas Crown Affair,en,102.0,1968-06-19,4300000,0.0,0,0,0,0,1,0,1,0,0,0,0,0,0,0,1,0,0,1,0,0
1911,The 13th Warrior,en,102.0,1999-08-27,160000000,61698899.0,1,1,0,0,0,0,0,0,1,0,0,0,0,0,0,0,0,0,0,0
6373,The Very Thought of You,en,88.0,1998-05-08,0,0.0,0,0,0,1,0,0,0,0,0,0,0,0,0,0,1,0,0,0,0,0
14,American Beauty,en,122.0,1999-09-15,15000000,356296601.0,0,0,0,0,0,0,1,0,0,0,0,0,0,0,0,0,0,0,0,0
1049,Sommersby,en,109.0,1993-02-05,0,140081992.0,0,0,0,0,0,0,1,0,0,0,0,0,0,1,1,0,0,1,0,0
535,Flashdance,en,95.0,1983-04-14,4000000,92921203.0,0,0,0,0,0,0,1,0,0,0,0,0,1,0,1,0,0,0,0,0
2731,Indochine,fr,148.0,1992-04-15,0,0.0,0,0,0,0,0,0,1,0,0,0,0,0,0,0,1,0,0,0,0,0
550,Fight Club,en,139.0,1999-10-15,63000000,100853753.0,0,0,0,0,0,0,1,0,0,0,0,0,0,0,0,0,0,0,0,0
1610,Fever Pitch,en,102.0,1997-04-04,0,0.0,0,0,0,1,0,0,0,0,0,0,0,0,0,0,1,0,0,0,0,0
709,Licence to Kill,en,133.0,1989-07-07,32000000,156167015.0,1,1,0,0,0,0,0,0,0,0,0,0,0,0,0,0,0,1,0,0
253,Live and Let Die,en,121.0,1973-07-05,7000000,161777836.0,1,1,0,0,0,0,0,0,0,0,0,0,0,0,0,0,0,1,0,0
492,Being John Malkovich,en,112.0,1999-09-30,13000000,22863596.0,0,0,0,1,0,0,1,0,1,0,0,0,0,0,0,0,0,0,0,0
2020,The Bachelor,en,101.0,1999-11-05,51000000,36911617.0,0,0,0,1,0,0,0,0,0,0,0,0,0,0,0,0,0,0,0,0
1694,Re-Animator,en,86.0,1985-10-18,900000,2023414.0,0,0,0,1,0,0,0,0,0,0,0,1,0,0,0,1,0,0,0,0
2690,Irma la Douce,en,135.0,1963-06-04,0,0.0,0,0,0,1,0,0,0,0,0,0,0,0,0,0,1,0,0,0,0,0
596,The Grapes of Wrath,en,129.0,1940-03-15,750000,0.0,0,0,0,0,0,0,1,0,0,0,0,0,0,0,0,0,0,0,0,0
293,A River Runs Through It,en,123.0,1992-10-09,0,43440294.0,0,0,0,0,0,0,1,0,0,0,0,0,0,0,0,0,0,0,0,0
497,The Green Mile,en,189.0,1999-12-10,60000000,284600000.0,0,0,0,0,1,0,1,0,1,0,0,0,0,0,0,0,0,0,0,0
926,Galaxy Quest,en,102.0,1999-12-23,45000000,90683916.0,0,0,0,1,0,0,0,1,0,0,0,0,0,0,0,1,0,0,0,0
1213,The Talented Mr. Ripley,en,139.0,1999-12-25,40000000,128798265.0,0,0,0,0,1,0,1,0,0,0,0,0,0,0,0,0,0,1,0,0
2990,Pacific Heights,en,102.0,1990-09-28,0,29381956.0,0,0,0,0,1,0,0,0,0,0,0,0,0,0,0,0,0,1,0,0
1883,Malcolm X,en,202.0,1992-11-18,34000000,48169908.0,0,0,0,0,0,0,1,0,0,0,1,0,0,0,0,0,0,0,0,0
2005,Sister Act,en,100.0,1992-05-28,31000000,231605150.0,0,0,0,1,0,0,0,0,0,0,0,0,1,0,0,0,0,0,0,0
8873,Wayne's World 2,en,95.0,1993-12-10,0,47965000.0,0,0,0,1,0,0,0,0,0,0,0,0,1,0,0,0,0,0,0,0
1923,Twin Peaks: Fire Walk with Me,en,134.0,1992-06-03,10000000,4160851.0,0,0,0,0,0,0,1,0,0,0,0,0,0,1,0,0,0,0,0,0
1907,The Beach,en,119.0,2000-02-11,40000000,144056873.0,0,1,0,0,0,0,1,0,0,0,0,0,0,0,1,0,0,1,0,0
1831,The Next Best Thing,en,108.0,2000-03-03,25000000,24362772.0,0,0,0,1,0,0,0,0,0,0,0,0,0,0,0,0,0,0,0,0
4816,Ghost Dog: The Way of the Samurai,en,116.0,1999-09-13,0,0.0,0,0,0,0,1,0,1,0,0,0,0,0,0,0,0,0,0,0,0,0
2193,My Tutor,en,97.0,1983-03-04,0,22587000.0,0,0,0,1,0,0,1,0,0,0,0,0,0,0,1,0,0,0,0,0
2067,Mission to Mars,en,114.0,2000-03-10,90000000,60874615.0,0,0,0,0,0,0,0,0,0,0,0,0,0,0,0,1,0,0,0,0
5693,Hoosiers,en,114.0,1986-11-14,9000000,28607524.0,0,0,0,0,0,0,1,1,0,0,0,0,0,0,0,0,0,0,0,0
968,Dog Day Afternoon,en,125.0,1975-08-11,1800000,46665856.0,0,0,0,0,1,0,1,0,0,0,0,0,0,0,0,0,0,1,0,0
838,American Graffiti,en,110.0,1973-08-01,777000,140000000.0,0,0,0,1,0,0,1,0,0,0,0,0,0,0,0,0,0,0,0,0
3114,The Searchers,en,119.0,1956-03-13,3750000,0.0,0,0,0,0,0,0,0,0,0,0,0,0,0,0,0,0,0,0,0,1
1396,Mirror,ru,106.0,1975-03-07,0,0.0,0,0,0,0,0,0,1,0,0,0,1,0,0,0,0,0,0,0,0,0
996,Double Indemnity,en,107.0,1944-04-24,927262,2500000.0,0,0,0,0,0,0,1,0,0,0,0,0,0,1,0,0,0,1,0,0
1499,Teenage Mutant Ninja Turtles III,en,96.0,1993-03-17,21000000,42000000.0,0,0,0,0,0,0,0,0,0,0,0,0,0,0,0,0,0,0,0,0
2085,Romeo Must Die,en,115.0,2000-03-20,25000000,91036760.0,1,0,0,0,1,0,0,0,0,0,0,0,0,0,0,0,0,1,0,0
3082,Modern Times,en,87.0,1936-02-05,1,8500000.0,0,0,0,1,0,0,1,0,0,0,0,0,0,0,0,0,0,0,0,0
2291,Jacob's Ladder,en,113.0,1990-11-02,25000000,25965144.0,0,0,0,0,0,0,1,0,0,0,0,1,0,1,0,0,0,0,0,0
593,Solaris,ru,167.0,1972-03-20,0,0.0,0,1,0,0,0,0,1,0,0,0,0,0,0,1,0,1,0,0,0,0
2006,"Bell, Book and Candle",en,106.0,1958-12-25,0,0.0,0,0,0,1,0,0,0,0,1,0,0,0,0,0,1,0,0,0,0,0
1552,Parenthood,en,124.0,1989-07-31,0,126297830.0,0,0,0,1,0,0,1,1,0,0,0,0,0,0,0,0,0,0,0,0
1359,American Psycho,en,102.0,2000-04-13,7000000,34266564.0,0,0,0,0,1,0,1,0,0,0,0,0,0,0,0,0,0,1,0,0
3536,U-571,en,116.0,2000-04-20,62000000,127666415.0,1,0,0,0,0,0,1,0,0,0,0,0,0,0,0,0,0,1,1,0
2094,Roustabout,en,101.0,1964-11-11,0,3000000.0,0,0,0,0,0,0,1,0,0,0,0,0,1,0,1,0,0,0,0,0
955,Mission: Impossible II,en,123.0,2000-05-24,125000000,546388105.0,1,1,0,0,0,0,0,0,0,0,0,0,0,0,0,0,0,1,0,0
21,The Endless Summer,en,95.0,1966-06-15,0,0.0,0,0,0,0,0,1,0,0,0,0,0,0,0,0,0,0,0,0,0,0
6003,Romeo and Juliet,en,138.0,1968-04-02,0,38901218.0,0,0,0,0,0,0,1,0,0,0,0,0,0,0,1,0,0,0,0,0
541,The Man with the Golden Arm,en,119.0,1955-12-14,0,0.0,0,0,0,0,1,0,1,0,0,0,0,0,0,0,1,0,0,0,0,0
169,Predator 2,en,108.0,1990-11-20,35000000,57120318.0,1,0,0,0,0,0,0,0,0,0,0,0,0,0,0,1,0,1,0,0
8810,Mad Max 2: The Road Warrior,en,95.0,1981-12-24,2000000,24600832.0,1,1,0,0,0,0,0,0,0,0,0,0,0,0,0,1,0,1,0,0
592,The Conversation,en,113.0,1974-04-07,1600000,4420000.0,0,0,0,0,1,0,1,0,0,0,0,0,0,1,0,0,0,0,0,0
195,Trouble in Paradise,en,83.0,1932-10-21,0,0.0,0,0,0,1,0,0,0,0,0,0,0,0,0,0,1,0,0,0,0,0
2133,The Perfect Storm,en,130.0,2000-03-15,120000000,325756637.0,0,0,0,0,0,0,1,0,0,0,0,0,0,0,0,0,0,0,0,0
494,Shaft in Africa,en,112.0,1973-06-14,2142000,1458000.0,1,1,0,0,1,0,0,0,0,0,0,0,0,1,0,0,0,1,0,0
493,Shaft's Big Score!,en,104.0,1972-06-08,1978000,10000000.0,1,1,0,0,1,0,0,0,0,0,0,0,0,1,0,0,0,0,0,0
1588,Bring It On,en,98.0,2000-08-25,28000000,90449929.0,0,0,0,1,0,0,0,0,0,0,0,0,0,0,0,0,0,0,0,0
1619,The Way of the Gun,en,119.0,2000-09-08,8500000,19125401.0,1,0,0,0,1,0,1,0,0,0,0,0,0,0,0,0,0,1,0,0
786,Almost Famous,en,122.0,2000-09-15,60000000,47383689.0,0,0,0,0,0,0,1,0,0,0,0,0,1,0,0,0,0,0,0,0
16,Dancer in the Dark,en,140.0,2000-05-17,12800000,40031879.0,0,0,0,0,1,0,1,0,0,0,0,0,1,0,0,0,0,0,0,0
2160,Voyage to the Bottom of the Sea,en,105.0,1961-07-12,1580000,7000000.0,0,1,0,0,0,0,1,0,0,0,0,0,0,0,0,1,0,0,0,0
2161,Fantastic Voyage,en,100.0,1966-08-24,5115000,12000000.0,0,1,0,0,0,0,0,0,0,0,0,0,0,0,0,1,0,0,0,0
911,The Bank Dick,en,72.0,1940-11-29,0,0.0,0,0,0,1,0,0,0,0,0,0,0,0,0,0,0,0,0,0,0,0
1485,Get Carter,en,112.0,1971-03-03,1814462,0.0,0,0,0,0,1,0,0,0,0,0,0,0,0,0,0,0,0,1,0,0
1597,Meet the Parents,en,108.0,2000-10-06,55000000,330444045.0,0,0,0,1,0,0,0,0,0,0,0,0,0,0,1,0,0,0,0,0
2134,The Time Machine,en,103.0,1960-08-17,750000,0.0,0,1,0,0,0,0,0,0,1,0,0,0,0,0,1,1,0,1,0,0
4327,Charlie's Angels,en,98.0,2000-11-02,92000000,264105545.0,1,1,0,1,1,0,0,0,0,0,0,0,0,0,0,0,0,1,0,0
4958,The Legend of Bagger Vance,en,126.0,2000-11-02,80000000,39459427.0,0,0,0,0,0,0,1,0,1,0,0,0,0,0,0,0,0,0,0,0
708,The Living Daylights,en,130.0,1987-06-29,40000000,191185897.0,1,1,0,0,0,0,0,0,0,0,0,0,0,0,0,0,0,1,0,0
107,Snatch,en,103.0,2000-09-01,10000000,83557872.0,0,0,0,0,1,0,0,0,0,0,0,0,0,0,0,0,0,1,0,0
3981,What Women Want,en,127.0,2000-12-15,70000000,374111707.0,0,0,0,1,0,0,0,0,0,0,0,0,0,0,1,0,0,0,0,0
2046,The Gift,en,111.0,2000-12-22,10000000,12008642.0,0,0,0,0,0,0,1,0,0,0,0,1,0,1,0,0,0,1,0,0
2018,The Wedding Planner,en,103.0,2001-01-26,35000000,94728529.0,0,0,0,1,0,0,0,0,0,0,0,0,0,0,0,0,0,0,0,0
4639,Best Seller,en,95.0,1987-09-25,0,4278150.0,1,0,0,0,1,0,1,0,0,0,0,0,0,0,0,0,0,1,0,0
318,The Million Dollar Hotel,en,122.0,2000-02-09,8000000,0.0,0,0,0,0,0,0,1,0,0,0,0,0,0,0,0,0,0,1,0,0
1921,Sweet November,en,119.0,2001-02-16,40000000,65754228.0,0,0,0,0,0,0,1,0,0,0,0,0,0,0,1,0,0,0,0,0
2302,Avalon,en,126.0,1990-10-05,0,0.0,0,0,0,0,0,0,1,0,0,0,0,0,0,0,0,0,0,0,0,0
1888,The Fortune Cookie,en,125.0,1966-10-19,0,0.0,0,0,0,1,0,0,0,0,0,0,0,0,0,0,1,0,0,0,0,0
2428,The Greatest Story Ever Told,en,199.0,1965-02-15,20000000,15473333.0,0,0,0,0,0,0,1,0,0,0,1,0,0,0,0,0,0,0,0,0
111,Scarface,en,170.0,1983-12-08,25000000,65884703.0,1,0,0,0,1,0,1,0,0,0,0,0,0,0,0,0,0,1,0,0
2144,One Night at McCool's,en,93.0,2001-04-19,0,0.0,1,0,0,1,1,0,0,0,0,0,0,0,0,0,0,0,0,0,0,0
4973,Under the Sand,fr,92.0,2000-09-11,0,0.0,0,0,0,0,0,0,1,0,0,0,0,0,0,1,0,0,0,0,0,0
849,Krull,en,117.0,1983-07-29,27000000,16519460.0,1,1,0,0,0,0,0,0,1,0,0,0,0,0,0,0,0,0,0,0
934,Rififi,fr,122.0,1955-04-13,0,460226.0,1,0,0,0,1,0,1,0,0,0,0,0,0,0,0,0,0,0,0,0
1089,Point Break,en,120.0,1991-07-12,24000000,83531958.0,1,0,0,0,1,0,0,0,0,0,0,0,0,0,0,0,0,1,0,0
2140,Kiss of the Dragon,en,98.0,2001-07-06,25000000,64437847.0,1,0,0,0,1,0,0,0,0,0,0,0,0,0,0,0,0,1,0,0
5991,The Last Laugh,de,90.0,1924-12-23,0,0.0,0,0,0,0,0,0,1,0,0,0,0,0,0,0,0,0,0,0,0,0
2114,Final Fantasy: The Spirits Within,en,106.0,2001-07-02,137000000,85131830.0,0,0,0,0,0,0,0,0,0,0,0,0,0,0,0,0,0,0,0,0
2,Ariel,fi,69.0,1988-10-21,0,0.0,0,0,0,0,1,0,1,0,0,0,0,0,0,0,0,0,0,0,0,0
3980,Critters,en,82.0,1986-04-11,2000000,13167232.0,1,0,0,1,0,0,0,0,0,0,0,1,0,0,0,1,0,1,0,0
2617,The Great Outdoors,en,91.0,1988-06-17,24000000,43455230.0,0,0,0,1,0,0,0,0,0,0,0,0,0,0,0,0,0,0,0,0
3543,Bagdad Cafe,de,95.0,1987-11-12,0,3587303.0,0,0,0,1,0,0,1,0,0,0,0,0,0,0,0,0,0,0,0,0
2605,Short Circuit,en,98.0,1986-05-09,0,40697761.0,0,0,0,1,0,0,0,1,0,0,0,0,0,0,0,1,0,0,0,0
4105,Black Rain,en,125.0,1989-09-22,30000000,45892212.0,1,0,0,0,1,0,0,0,0,0,0,0,0,0,0,0,0,1,0,0
1380,Gleaming the Cube,en,109.0,1989-01-13,0,2777280.0,0,0,0,0,0,0,1,0,0,0,0,0,0,0,0,0,0,0,0,0
327,Brother,ja,114.0,2000-09-09,12000000,15250000.0,0,0,0,0,1,0,1,0,0,0,0,0,0,0,0,0,0,1,0,0
552,Bread and Tulips,it,114.0,2000-03-03,0,0.0,0,0,0,1,0,0,1,0,0,0,0,0,0,0,1,0,0,0,0,0
2616,Uncle Buck,en,100.0,1989-08-16,15000000,79258538.0,0,0,0,1,0,0,1,1,0,0,0,0,0,0,0,0,0,0,0,0
249,The War of the Roses,en,116.0,1989-12-08,0,0.0,0,0,0,1,0,0,1,0,0,0,0,0,0,0,0,0,0,1,0,0
2770,American Pie 2,en,108.0,2001-08-10,30000000,287553595.0,0,0,0,1,0,0,0,0,0,0,0,0,0,0,1,0,0,0,0,0
1722,Captain Corelli's Mandolin,en,131.0,2001-08-17,57000000,62112895.0,0,0,0,0,0,0,1,0,0,0,1,0,0,0,1,0,0,0,0,0
2294,Jay and Silent Bob Strike Back,en,104.0,2001-08-22,22000000,33788161.0,0,0,0,1,0,0,0,0,0,0,0,0,0,0,0,0,0,0,0,0
2176,The Glass House,en,106.0,2001-09-14,30000000,23619609.0,0,0,0,0,0,0,1,0,0,0,0,0,0,0,0,0,0,1,0,0
248,Pocketful of Miracles,en,136.0,1961-12-18,2900000,5000000.0,0,0,0,1,0,0,1,0,0,0,0,0,0,0,0,0,0,0,0,0
1644,The Vanishing,en,109.0,1993-02-05,0,0.0,0,0,0,0,0,0,1,0,0,0,0,0,0,1,0,0,0,1,0,0
2100,The Last Castle,en,131.0,2001-10-19,72000000,27642707.0,1,0,0,0,0,0,1,0,0,0,0,0,0,0,0,0,0,1,0,0
3173,Bangkok Dangerous,th,105.0,1999-11-01,0,0.0,1,0,0,0,1,0,1,0,0,0,0,0,0,0,0,0,0,1,0,0
141,Donnie Darko,en,113.0,2001-01-18,6000000,1270522.0,0,0,0,0,0,0,1,0,1,0,0,0,0,1,0,0,0,0,0,0
585,"Monsters, Inc.",en,92.0,2001-11-01,115000000,562816256.0,0,0,1,1,0,0,0,1,0,0,0,0,0,0,0,0,0,0,0,0
671,Harry Potter and the Philosopher's Stone,en,152.0,2001-11-16,125000000,976475550.0,0,1,0,0,0,0,0,1,1,0,0,0,0,0,0,0,0,0,0,0
161,Ocean's Eleven,en,116.0,2001-12-07,85000000,450717150.0,0,0,0,0,1,0,0,0,0,0,0,0,0,0,0,0,0,1,0,0
4886,And Then There Were None,en,97.0,1945-10-31,0,0.0,0,0,0,0,1,0,1,0,0,0,0,0,0,1,0,0,0,0,0,0
194,Amélie,fr,122.0,2001-04-25,10000000,173921954.0,0,0,0,1,0,0,0,0,0,0,0,0,0,0,1,0,0,0,0,0
6440,The Shipping News,en,111.0,2001-12-18,0,0.0,0,0,0,0,0,0,1,0,0,0,0,0,0,0,1,0,0,0,0,0
150,48 Hrs.,en,96.0,1982-12-07,12000000,78868508.0,1,0,0,1,1,0,1,0,0,0,0,0,0,0,0,0,0,1,0,0
112,Italian for Beginners,da,112.0,2000-12-07,0,0.0,0,0,0,1,0,0,1,0,0,0,0,0,0,0,1,0,0,0,0,0
480,Monsoon Wedding,hi,114.0,2001-08-30,0,0.0,0,0,0,1,0,0,1,0,0,0,0,0,0,0,1,0,0,0,0,0
965,The Magnificent Ambersons,en,88.0,1942-07-10,0,0.0,0,0,0,0,0,0,1,0,0,0,0,0,0,0,1,0,0,0,0,0
3418,Death Watch,fr,130.0,1980-01-23,0,0.0,0,0,0,0,0,0,1,0,0,0,0,0,0,0,0,1,0,0,0,0
4499,"Pepi, Luci, Bom",es,82.0,1980-10-27,0,0.0,0,0,0,1,0,0,0,0,0,0,0,0,0,0,0,0,0,0,0,0
1391,Y Tu Mamá También,es,106.0,2001-06-08,5000000,33616692.0,0,0,0,0,0,0,1,0,0,0,0,0,0,0,1,0,0,0,0,0
2371,Teheran '43,ru,192.0,1980-06-06,0,0.0,1,0,0,0,0,0,1,0,0,0,0,0,0,0,0,0,0,1,0,0
441,Human Nature,en,96.0,2001-05-18,6000000,705308.0,0,0,0,1,0,0,1,0,0,0,0,0,0,0,0,0,0,0,0,0
2565,Joe Versus the Volcano,en,102.0,1990-03-09,0,39404261.0,0,0,0,1,0,0,0,0,1,0,0,0,0,0,1,1,0,0,0,0
307,"Rome, Open City",it,100.0,1945-09-27,0,0.0,0,0,0,0,0,0,1,0,0,0,1,0,0,0,0,0,0,0,0,0
1282,Dogtown and Z-Boys,en,91.0,2001-01-18,0,0.0,0,0,0,0,0,1,0,0,0,0,0,0,0,0,0,0,0,0,0,0
45186,Big Bad Mama,en,83.0,1974-09-19,0,0.0,1,0,0,1,1,0,1,0,0,0,0,0,0,0,0,0,0,0,0,0
1894,Star Wars: Episode II - Attack of the Clones,en,142.0,2002-05-15,120000000,649398328.0,1,1,0,0,0,0,0,0,0,0,0,0,0,0,0,1,0,0,0,0
1957,Enough,en,114.0,2002-05-24,38000000,51801187.0,0,0,0,0,0,0,1,0,0,0,0,0,0,0,0,0,0,1,0,0
2501,The Bourne Identity,en,119.0,2002-06-14,60000000,214034224.0,1,0,0,0,0,0,1,0,0,0,0,0,0,1,0,0,0,1,0,0
4993,5 Card Stud,en,103.0,1968-07-28,0,0.0,1,0,0,0,0,0,0,0,0,0,0,0,0,0,0,0,0,1,0,1
180,Minority Report,en,145.0,2002-06-20,102000000,358372926.0,1,0,0,0,0,0,0,0,0,0,0,0,0,1,0,1,0,1,0,0
2022,Mr. Deeds,en,96.0,2002-06-28,50000000,171269535.0,0,0,0,1,0,0,0,0,0,0,0,0,0,0,1,0,0,0,0,0
608,Men in Black II,en,88.0,2002-07-03,140000000,441818803.0,1,1,0,1,0,0,0,0,0,0,0,0,0,0,0,1,0,0,0,0
8665,K-19: The Widowmaker,en,138.0,2002-07-19,100000000,35168966.0,0,0,0,0,0,0,1,0,0,0,1,0,0,0,0,0,0,1,0,0
818,Austin Powers in Goldmember,en,94.0,2002-07-26,63000000,296655431.0,0,0,0,1,1,0,0,0,0,0,0,0,0,0,0,1,0,0,0,0
7451,xXx,en,124.0,2002-08-09,70000000,277448382.0,1,1,0,0,0,0,0,0,0,0,0,0,0,0,0,0,0,1,0,0
233,The Wanderers,en,117.0,1979-07-13,0,23000000.0,0,0,0,0,0,0,1,0,0,0,0,0,0,0,0,0,0,0,0,0
575,The Experiment,de,114.0,2001-03-07,0,0.0,0,0,0,0,0,0,1,0,0,0,0,0,0,0,0,0,0,1,0,0
1958,8 Women,fr,111.0,2002-01-08,8000000,0.0,0,0,0,1,1,0,0,0,0,0,0,0,1,1,0,0,0,1,0,0
1682,Mothra vs. Godzilla,ja,89.0,1964-04-29,0,0.0,1,1,0,0,0,0,0,0,1,0,0,0,0,0,0,1,0,0,0,0
40815,On Guard,fr,128.0,1997-12-03,0,0.0,0,1,0,0,0,0,1,0,0,0,0,0,0,0,0,0,0,0,0,0
225,Man of Iron,pl,147.0,1981-07-27,0,0.0,0,0,0,0,0,0,1,0,0,0,1,0,0,0,0,0,0,0,0,0
265,Lili Marleen,de,120.0,1981-01-14,0,0.0,0,0,0,0,0,0,1,0,0,0,0,0,0,0,1,0,0,0,1,0
1672,The Professional,en,108.0,1981-10-21,0,0.0,1,1,0,0,0,0,0,0,0,0,0,0,0,0,0,0,0,1,0,0
65,8 Mile,en,110.0,2002-11-08,41000000,215000000.0,0,0,0,0,0,0,1,0,0,0,0,0,0,0,0,0,0,0,0,0
542,The Crime of Padre Amaro,es,118.0,2002-10-01,1800000,0.0,0,0,0,0,0,0,1,0,0,0,0,0,0,0,1,0,0,0,0,0
53000,Soul Assassin,en,96.0,2001-08-23,0,0.0,1,0,0,0,0,0,0,0,0,0,0,0,0,1,0,0,0,1,0,0
1377,Houseboat,en,110.0,1958-11-19,0,0.0,0,0,0,1,0,0,1,1,0,0,0,0,0,0,1,0,0,0,0,0
2528,Madame Bovary,fr,136.0,1991-04-03,0,1942423.0,0,0,0,0,0,0,1,0,0,1,0,0,0,0,1,0,0,0,0,0
1429,25th Hour,en,135.0,2002-12-16,15000000,13060843.0,0,0,0,0,1,0,1,0,0,0,0,0,0,0,0,0,0,0,0,0
2642,Two Weeks Notice,en,101.0,2002-12-19,60000000,93354918.0,0,0,0,1,0,0,0,0,0,0,0,0,0,0,1,0,0,0,0,0
590,The Hours,en,114.0,2002-12-27,25000000,41597830.0,0,0,0,0,0,0,1,0,0,0,0,0,0,0,0,0,0,0,0,0
262,The King of Comedy,en,109.0,1982-12-18,20000000,0.0,0,0,0,1,0,0,1,0,0,0,0,0,0,0,0,0,0,0,0,0
1956,Gerry,en,103.0,2002-01-12,3500000,0.0,0,1,0,0,0,0,1,0,0,0,0,0,0,1,0,0,0,0,0,0
1591,Nowhere in Africa,de,140.0,2001-12-11,0,0.0,0,0,0,0,0,0,1,0,0,0,0,0,0,0,0,0,0,0,0,0
455,Bend It Like Beckham,en,112.0,2002-04-11,3500159,76578641.0,0,0,0,1,0,0,1,0,0,0,0,0,0,0,1,0,0,0,0,0
2671,Ringu,ja,96.0,1998-01-31,1200000,8690429.0,0,0,0,0,0,0,0,0,0,0,0,1,0,0,0,0,0,1,0,0
6016,The Good Thief,en,108.0,2003-04-03,0,0.0,0,0,0,0,1,0,1,0,0,0,0,0,0,0,0,0,0,1,0,0
2662,House of 1000 Corpses,en,89.0,2003-04-11,7000000,16829545.0,0,0,0,0,0,0,0,0,0,0,0,1,0,0,0,0,0,0,0,0
994,Straw Dogs,en,118.0,1971-12-29,2200000,3251794.0,0,0,0,0,1,0,1,0,0,0,0,0,0,1,0,0,0,1,0,0
1088,Whale Rider,en,101.0,2003-01-30,8000000,41400000.0,0,0,0,0,0,0,1,1,0,0,0,0,0,0,0,0,0,0,0,0
290,Barton Fink,en,116.0,1991-08-01,9000000,6153939.0,0,0,0,1,0,0,1,0,0,0,0,0,0,0,0,0,0,0,0,0
2470,Belle Époque,es,109.0,1992-12-04,0,0.0,0,0,0,1,0,0,1,0,0,0,0,0,0,0,1,0,0,0,0,0
2527,This Man Must Die,fr,113.0,1969-09-04,0,0.0,0,0,0,0,0,0,1,0,0,0,0,0,0,0,0,0,0,1,0,0
170,28 Days Later,en,113.0,2002-10-31,5000000,82719885.0,0,0,0,0,0,0,0,0,0,0,0,1,0,0,0,1,0,1,0,0
216,Ali: Fear Eats the Soul,de,93.0,1974-03-05,130000,0.0,0,0,0,0,0,0,1,0,0,0,0,0,0,0,1,0,0,0,0,0
296,Terminator 3: Rise of the Machines,en,109.0,2003-07-02,200000000,435000000.0,1,0,0,0,0,0,0,0,0,0,0,0,0,0,0,1,0,1,0,0
22,Pirates of the Caribbean: The Curse of the Black Pearl,en,143.0,2003-07-09,140000000,655011224.0,1,1,0,0,0,0,0,0,1,0,0,0,0,0,0,0,0,0,0,0
8961,Bad Boys II,en,147.0,2003-07-18,130000000,273339556.0,1,1,0,1,1,0,0,0,0,0,0,0,0,0,0,0,0,1,0,0
3101,I Love You to Death,en,94.0,1990-04-06,0,0.0,1,0,0,1,1,0,0,0,0,0,0,0,0,0,0,0,0,0,0,0
333,Bollywood/Hollywood,en,101.0,2002-01-01,0,0.0,0,0,0,1,0,0,1,0,0,0,0,0,1,0,1,0,0,0,0,0
2722,The Other Side of the Bed,es,114.0,2002-04-27,0,0.0,0,0,0,0,0,0,1,0,0,0,0,0,0,0,1,0,0,0,0,0
153,Lost in Translation,en,102.0,2003-08-31,4000000,119723856.0,0,0,0,0,0,0,1,0,0,0,0,0,0,0,0,0,0,0,0,0
2687,Memoirs of an Invisible Man,en,99.0,1992-02-28,40000000,14358033.0,0,0,0,1,0,0,0,0,1,0,0,0,0,0,0,1,0,0,0,0
277,Underworld,en,121.0,2003-09-19,22000000,95708457.0,1,0,0,0,0,0,0,0,1,0,0,0,0,0,0,0,0,1,0,0
20,My Life Without Me,en,106.0,2003-03-07,0,9726954.0,0,0,0,0,0,0,1,0,0,0,0,0,0,0,1,0,0,0,0,0
837,Videodrome,en,87.0,1983-02-04,5952000,2120439.0,0,0,0,0,0,0,0,0,0,0,0,1,0,1,0,1,0,0,0,0
1358,A Brief History of Time,en,80.0,1991-10-01,0,0.0,0,0,0,0,0,1,0,0,0,0,0,0,0,0,0,0,0,0,0,0
3087,Yankee Doodle Dandy,en,126.0,1942-06-06,0,0.0,0,0,0,0,0,0,1,0,0,0,0,0,1,0,0,0,0,0,0,0
2116,Out of Time,en,105.0,2003-10-03,50000000,55495563.0,0,0,0,0,1,0,1,0,0,0,0,0,0,0,0,0,0,1,0,0
1584,School of Rock,en,108.0,2003-10-03,35000000,131282949.0,0,0,0,1,0,0,0,0,0,0,0,0,1,0,0,0,0,0,0,0
322,Mystic River,en,138.0,2003-10-07,25000000,156822020.0,0,0,0,0,1,0,1,0,0,0,0,0,0,1,0,0,0,1,0,0
24,Kill Bill: Vol. 1,en,111.0,2003-10-10,30000000,180949000.0,1,0,0,0,1,0,0,0,0,0,0,0,0,0,0,0,0,0,0,0
1376,Sweet Sixteen,en,106.0,2002-05-21,0,0.0,0,0,0,0,1,0,1,0,0,0,0,0,0,0,0,0,0,0,0,0
224,Man of Marble,pl,165.0,1977-02-25,0,0.0,0,0,0,0,0,0,1,0,0,0,1,0,0,0,0,0,0,0,0,0
605,The Matrix Revolutions,en,129.0,2003-11-05,150000000,424988211.0,1,1,0,0,0,0,0,0,0,0,0,0,0,0,0,1,0,1,0,0
508,Love Actually,en,135.0,2003-09-07,40000000,244931766.0,0,0,0,1,0,0,1,0,0,0,0,0,0,0,1,0,0,0,0,0
1702,Death Machine,en,117.0,1994-12-23,0,1422749.0,1,0,0,0,0,0,0,0,0,0,0,1,0,0,0,1,0,1,0,0
4823,Final Analysis,en,117.0,1992-02-07,0,28590665.0,0,0,0,0,0,0,1,0,0,0,0,0,0,0,1,0,0,1,0,0
780,The Passion of Joan of Arc,fr,110.0,1928-04-21,0,0.0,0,0,0,0,0,0,1,0,0,0,1,0,0,0,0,0,0,0,0,0
234,The Cabinet of Dr. Caligari,de,78.0,1920-02-25,18000,0.0,0,0,0,0,1,0,1,0,0,0,0,1,0,0,0,0,0,1,0,0
899,Broken Blossoms,en,90.0,1919-05-13,0,0.0,0,0,0,0,0,0,1,0,0,0,0,0,0,0,1,0,0,0,0,0
2297,Kafka,en,98.0,1991-11-15,11000000,0.0,0,0,0,1,0,0,1,0,0,0,0,0,0,1,0,0,0,0,0,0
951,Kindergarten Cop,en,111.0,1990-12-21,15000000,201957688.0,0,0,0,1,0,0,0,0,0,0,0,0,0,0,0,0,0,0,0,0
3176,Battle Royale,ja,114.0,2000-12-16,4500000,25000000.0,0,1,0,0,0,0,1,0,0,0,0,0,0,0,0,0,0,1,0,0
3681,What's New Pussycat?,en,108.0,1965-06-22,0,0.0,0,0,0,1,0,0,0,0,0,0,0,0,0,0,1,0,0,0,0,0
898,Birdman of Alcatraz,en,147.0,1962-07-03,2650000,3100000.0,0,0,0,0,0,0,1,0,0,0,0,0,0,0,0,0,0,0,0,0
2000,Aguirre: The Wrath of God,de,93.0,1972-12-29,92000,0.0,0,1,0,0,0,0,1,0,0,0,1,0,0,0,0,0,0,0,0,0
648,Beauty and the Beast,fr,96.0,1946-10-29,0,0.0,0,0,0,0,0,0,1,0,1,0,0,0,0,0,1,0,0,0,0,0
3089,Red River,en,133.0,1948-08-26,3000000,9012000.0,0,0,0,0,0,0,0,0,0,0,0,0,0,0,0,0,0,0,0,1
916,Bullitt,en,113.0,1968-10-17,5500000,42300873.0,1,0,0,0,1,0,1,0,0,0,0,0,0,0,0,0,0,1,0,0
31685,The Hunchback of Notre Dame,en,116.0,1939-12-29,0,0.0,0,0,0,0,0,0,1,0,0,0,0,1,0,0,1,0,0,0,0,0
3062,42nd Street,en,89.0,1933-02-02,439000,2281000.0,0,0,0,1,0,0,0,0,0,0,0,0,1,0,1,0,0,0,0,0
81,Nausicaä of the Valley of the Wind,ja,117.0,1984-03-11,1000000,3301446.0,0,1,1,0,0,0,0,0,1,0,0,0,0,0,0,0,0,0,0,0
616,The Last Samurai,en,154.0,2003-12-05,140000000,456758981.0,1,0,0,0,0,0,1,0,0,0,1,0,0,0,0,0,0,0,1,0
587,Big Fish,en,125.0,2003-12-25,70000000,122919055.0,0,1,0,0,0,0,1,0,1,0,0,0,0,0,0,0,0,0,0,0
1792,Stuck on You,en,118.0,2003-12-10,55000000,33828318.0,0,0,0,1,0,0,0,0,0,0,0,0,0,0,0,0,0,0,0,0
3635,Girl with a Pearl Earring,en,101.0,2003-08-31,0,31466789.0,0,0,0,0,0,0,1,0,0,0,0,0,0,0,1,0,0,0,0,0
122,The Lord of the Rings: The Return of the King,en,201.0,2003-12-01,94000000,1118888979.0,1,1,0,0,0,0,0,0,1,0,0,0,0,0,0,0,0,0,0,0
2289,Cold Mountain,en,154.0,2003-12-24,79000000,173013509.0,0,0,0,0,0,0,1,0,0,0,0,0,0,0,0,0,0,0,0,0
1882,The Men,en,85.0,1950-07-20,0,0.0,0,0,0,0,0,0,1,0,0,0,0,0,0,0,0,0,0,0,0,0
427,Mon oncle,fr,110.0,1958-05-10,0,0.0,0,0,0,1,0,0,0,0,0,0,0,0,0,0,0,0,0,0,0,0
778,Monsieur  Hulot's Holiday,fr,84.0,1953-02-26,0,0.0,0,0,0,1,0,0,0,1,0,0,0,0,0,0,0,0,0,0,0,0
3088,My Darling Clementine,en,97.0,1946-12-03,0,0.0,0,0,0,0,0,0,1,0,0,0,0,0,0,0,0,0,0,0,0,1
405,La Strada,it,104.0,1954-07-16,0,0.0,0,0,0,0,0,0,1,0,0,0,0,0,0,0,0,0,0,0,0,0
1954,The Butterfly Effect,en,113.0,2004-01-22,13000000,96060858.0,0,0,0,0,0,0,0,0,0,0,0,0,0,0,0,1,0,1,0,0
1278,The Dreamers,en,115.0,2003-09-01,15000000,15121165.0,0,0,0,0,0,0,1,0,0,0,0,0,0,0,1,0,0,0,0,0
337,Monsieur Ibrahim,fr,94.0,2003-12-03,0,11576431.0,0,0,0,0,0,0,1,0,0,0,0,0,0,0,0,0,0,0,0,0
338,"Good bye, Lenin!",de,121.0,2003-02-09,4800000,79384880.0,0,0,0,1,0,0,1,0,0,0,0,0,0,0,1,0,0,0,0,0
2023,Hidalgo,en,136.0,2004-03-05,100000000,108103450.0,0,1,0,0,0,0,0,0,0,0,0,0,0,0,0,0,0,0,0,1
1586,Secret Window,en,96.0,2004-03-12,40000000,92913171.0,0,0,0,0,0,0,0,0,0,0,0,0,0,1,0,0,0,1,0,0
924,Dawn of the Dead,en,101.0,2004-03-19,28000000,102356381.0,1,0,0,0,0,0,0,0,1,0,0,1,0,0,0,0,0,0,0,0
553,Dogville,da,178.0,2003-05-19,10000000,16680836.0,0,0,0,0,1,0,1,0,0,0,0,0,0,0,0,0,0,1,0,0
923,Dawn of the Dead,en,127.0,1978-09-02,650000,55000000.0,0,0,0,0,0,0,0,0,0,0,0,1,0,0,0,0,0,0,0,0
3591,One Million Years B.C.,en,100.0,1966-12-01,0,0.0,1,1,0,0,0,0,0,0,1,0,0,0,0,0,0,0,0,0,0,0
237,Young Adam,en,93.0,2003-09-26,6400000,2500000.0,0,0,0,0,1,0,1,0,0,0,0,0,0,0,1,0,0,1,0,0
502,Fail-Safe,en,112.0,1964-10-07,0,0.0,0,0,0,0,0,0,1,0,0,0,1,0,0,0,0,0,0,1,0,0
1373,The Discovery of Heaven,en,127.0,2001-10-01,0,0.0,0,0,0,0,0,0,1,0,1,0,0,0,0,0,0,0,0,0,0,0
204,The Wages of Fear,fr,147.0,1953-04-22,0,0.0,0,1,0,0,0,0,1,0,0,0,0,0,0,0,0,0,0,1,0,0
1394,Nostalgia,ru,120.0,1983-05-01,0,0.0,0,0,0,0,0,0,1,0,0,0,0,0,0,0,1,0,0,0,0,0
1719,The Soft Skin,fr,119.0,1964-05-05,0,0.0,0,0,0,0,0,0,1,0,0,0,0,0,0,0,1,0,0,0,0,0
222,Berlin: Symphony of a Great City,de,69.0,1927-09-23,0,0.0,0,0,0,0,0,1,0,0,0,0,1,0,0,0,0,0,0,0,0,0
1059,The Hidden Fortress,ja,139.0,1958-12-28,0,0.0,1,1,0,1,0,0,1,0,0,0,0,0,0,0,0,0,0,0,0,0
5481,Shock,en,95.0,1977-08-12,0,0.0,0,0,0,0,0,0,0,0,0,0,0,1,0,0,0,0,0,1,0,0
7090,Ken Park,en,97.0,2002-08-31,1300000,447741.0,0,0,0,0,0,0,1,0,0,0,0,0,0,0,0,0,0,0,0,0
5902,A Bridge Too Far,en,175.0,1977-06-15,22000000,50750000.0,0,0,0,0,0,0,1,0,0,0,1,0,0,0,0,0,0,0,1,0
203,Mean Streets,en,110.0,1973-10-02,500000,3000000.0,0,0,0,0,1,0,1,0,0,0,0,0,0,0,0,0,0,0,0,0
316,Grill Point,de,111.0,2002-02-12,600000,0.0,0,0,0,1,0,0,1,0,0,0,0,0,0,0,0,0,0,0,0,0
3072,Frankenstein Unbound,en,82.0,1990-11-02,0,0.0,0,0,0,0,0,0,1,0,0,0,0,1,0,0,0,1,0,0,0,0
48385,Indestructible Man,en,72.0,1956-03-24,0,0.0,0,0,0,0,1,0,0,0,0,0,0,1,0,0,0,1,0,0,0,0
1994,The Most Dangerous Game,en,63.0,1932-09-16,200000,0.0,0,1,0,0,0,0,0,0,0,0,0,1,0,0,0,0,0,1,0,0
435,The Day After Tomorrow,en,124.0,2004-05-26,125000000,544272402.0,1,1,0,0,0,0,0,0,0,0,0,0,0,0,0,1,0,1,0,0
673,Harry Potter and the Prisoner of Azkaban,en,141.0,2004-05-31,130000000,789804554.0,0,1,0,0,0,0,0,1,1,0,0,0,0,0,0,0,0,0,0,0
246,Zatoichi,ja,111.0,2003-09-06,0,0.0,1,1,0,0,0,0,1,0,0,0,0,0,0,0,0,0,0,0,0,0
46976,Wish You Were Here,en,92.0,1987-07-24,0,0.0,0,0,0,1,0,0,1,0,0,1,0,0,0,0,1,0,0,0,0,0
662,La Jetée,fr,28.0,1962-02-16,0,0.0,0,0,0,0,0,0,0,0,0,0,0,0,0,0,1,1,0,0,0,0
3019,Dr. Jekyll and Mr. Hyde,en,98.0,1931-12-31,0,0.0,0,0,0,0,0,0,0,0,0,0,0,1,0,0,0,1,0,0,0,0
594,The Terminal,en,128.0,2004-06-17,60000000,219417255.0,0,0,0,1,0,0,1,0,0,0,0,0,0,0,0,0,0,0,0,0
8981,Dear Frankie,en,105.0,2004-05-18,0,0.0,0,0,0,0,0,0,1,1,0,0,0,0,0,0,0,0,0,0,0,0
1944,The Door in the Floor,en,111.0,2004-07-18,0,0.0,0,0,0,0,0,0,1,0,0,0,0,0,0,0,0,0,0,0,0,0
1997,Two Brothers,en,109.0,2004-04-07,74500000,62172050.0,0,1,0,0,0,0,1,1,0,0,0,0,0,0,0,0,0,0,0,0
2334,Taxi 3,fr,82.0,2003-01-29,14500000,65497208.0,1,0,0,1,0,0,0,0,0,0,0,0,0,0,0,0,0,0,0,0
2912,The Butcher,fr,90.0,1970-02-27,0,0.0,0,0,0,0,0,0,1,0,0,1,0,0,0,0,0,0,0,1,0,0
1777,Fahrenheit 9/11,en,122.0,2004-06-25,6000000,119114517.0,0,0,0,0,0,0,0,0,0,0,0,0,0,0,0,0,0,0,0,0
2502,The Bourne Supremacy,en,108.0,2004-07-23,75000000,288500217.0,1,0,0,0,0,0,1,0,0,0,0,0,0,0,0,0,0,1,0,0
314,Catwoman,en,104.0,2004-07-22,100000000,82102379.0,1,0,0,0,1,0,0,0,0,0,0,0,0,0,0,0,0,0,0,0
69526,The Assassination Bureau,en,110.0,1969-03-09,0,0.0,1,1,0,1,1,0,0,0,0,0,0,0,0,0,0,0,0,1,0,0
6947,The Village,en,108.0,2004-07-30,60000000,256697520.0,0,0,0,0,0,0,1,0,0,0,0,0,0,1,0,0,0,1,0,0
2003,Anatomy of Hell,en,88.0,2004-01-28,0,0.0,0,0,0,0,0,0,1,0,0,0,0,0,0,0,0,0,0,0,0,0
1653,The Motorcycle Diaries,es,126.0,2004-02-06,0,16756372.0,0,0,0,0,0,0,1,0,0,0,0,0,0,0,0,0,0,0,0,0
866,Finding Neverland,en,106.0,2004-10-17,25000000,116766556.0,0,0,0,0,0,0,1,0,0,0,0,0,0,0,0,0,0,0,0,0
2059,National Treasure,en,131.0,2004-11-19,100000000,347451894.0,1,1,0,0,0,0,0,0,0,0,0,0,0,1,0,0,0,1,0,0
140,Bad Education,es,106.0,2004-03-19,5000000,40266982.0,0,0,0,0,1,0,1,0,0,0,0,0,0,0,1,0,0,1,0,0
2288,Closer,en,104.0,2004-12-01,27000000,115505027.0,0,0,0,0,0,0,1,0,0,0,0,0,0,0,1,0,0,0,0,0
163,Ocean's Twelve,en,125.0,2004-12-09,110000000,362744280.0,0,0,0,0,1,0,0,0,0,0,0,0,0,0,0,0,0,1,0,0
3060,The Big Parade,en,151.0,1925-11-05,245000,22000000.0,0,0,0,0,0,0,1,0,0,0,0,0,0,0,1,0,0,0,1,0
1405,Greed,en,140.0,1924-12-04,546883,0.0,0,0,0,0,0,0,1,0,0,0,1,0,0,0,0,0,0,0,0,0
905,Pandora's Box,de,109.0,1929-01-30,0,0.0,0,0,0,0,0,0,1,0,0,0,0,0,0,0,1,0,0,1,0,0
4558,Orpheus,fr,95.0,1950-09-29,0,0.0,0,0,0,0,0,0,1,0,1,0,0,0,0,0,1,0,0,0,0,0
800,Los Olvidados,es,85.0,1950-11-09,0,0.0,0,0,0,0,1,0,1,0,0,0,0,0,0,0,0,0,0,0,0,0
750,Murder She Said,en,87.0,1961-01-01,0,0.0,0,0,0,1,1,0,1,0,0,0,0,0,0,1,0,0,0,0,0,0
4025,The Prize,en,134.0,1963-12-25,0,0.0,0,0,0,0,1,0,1,0,0,0,0,0,0,1,0,0,0,0,0,0
3763,Onibaba,ja,103.0,1964-11-21,0,0.0,0,0,0,0,0,0,0,0,0,0,0,1,0,0,0,0,0,0,0,0
135,Dont Look Back,en,96.0,1967-05-17,0,0.0,0,0,0,0,0,1,0,0,0,0,0,0,1,0,0,0,0,0,0,0
839,Duel,en,74.0,1972-10-01,450000,0.0,1,0,0,0,0,0,0,0,0,0,0,0,0,0,0,0,1,1,0,0
5618,"Cousin, Cousine",fr,95.0,1975-11-19,0,0.0,0,0,0,1,0,0,0,0,0,0,0,0,0,0,1,0,0,0,0,0
1835,"Farewell, My Lovely",en,95.0,1975-08-08,2500000,2000000.0,0,0,0,0,1,0,0,0,0,0,0,0,0,1,0,0,0,1,0,0
232,Rumble Fish,en,94.0,1983-10-20,10000000,2494480.0,1,1,0,0,1,0,1,0,0,0,0,0,0,0,1,0,0,0,0,0
30707,Star 80,en,103.0,1983-11-11,0,6472990.0,0,0,0,0,0,0,1,0,0,0,0,0,0,0,0,0,0,0,0,0
1884,The Ewok Adventure,en,96.0,1985-02-13,3000000,0.0,0,1,0,0,0,0,0,1,1,0,0,0,0,0,0,1,1,0,0,0
1483,Begotten,en,78.0,1990-04-30,33000,0.0,0,0,0,0,0,0,0,0,1,0,0,1,0,0,0,0,0,0,0,0
31696,A Kiss Before Dying,en,95.0,1991-04-26,0,15429177.0,0,0,0,0,1,0,0,0,0,0,0,0,0,1,0,0,0,1,0,0
8983,Felidae,de,82.0,1994-11-03,0,0.0,0,0,1,0,0,0,0,0,0,0,0,0,0,1,0,0,0,1,0,0
1283,"Torrente, the Dumb Arm of the Law",es,97.0,1998-03-13,0,0.0,0,0,0,1,1,0,0,0,0,0,0,0,0,0,0,0,0,0,0,0
344,"Bang, Boom, Bang",de,110.0,1999-08-26,2888030,0.0,1,0,0,1,1,0,0,0,0,0,0,0,0,0,0,0,0,0,0,0
2463,Running Out of Time,cn,93.0,1999-09-23,0,0.0,1,0,0,0,1,0,1,0,0,0,0,0,0,0,0,0,0,1,0,0
919,Blood: The Last Vampire,en,48.0,2000-11-18,0,0.0,0,0,0,0,0,0,0,0,0,0,0,0,0,0,0,0,0,0,0,0
4326,Herr Lehmann,de,105.0,2003-10-01,0,0.0,0,0,0,1,0,0,1,0,0,0,0,0,0,0,0,0,0,0,0,0
2841,A Very Long Engagement,fr,133.0,2004-10-26,47000000,0.0,0,0,0,0,0,0,1,0,0,0,0,0,0,0,0,0,0,0,0,0
2539,Spanglish,en,130.0,2004-12-17,80000000,55041367.0,0,0,0,1,0,0,0,0,0,0,0,0,0,0,0,0,0,0,0,0
5528,The Chorus,fr,96.0,2004-03-17,0,0.0,0,0,0,0,0,0,1,0,0,0,0,0,0,0,0,0,0,0,0,0
3396,The Yes Men,en,80.0,2003-09-07,0,0.0,0,0,0,1,0,1,0,0,0,0,0,0,0,0,0,0,0,0,0,0
464,As It Is in Heaven,sv,132.0,2004-09-03,0,0.0,0,0,0,1,0,0,1,0,0,0,0,0,1,0,1,0,0,0,0,0
1126,In My Father's Den,en,126.0,2004-06-11,0,0.0,0,0,0,0,0,0,1,0,0,0,0,0,0,0,0,0,0,1,0,0
4896,Muxmäuschenstill,de,90.0,2004-01-28,40000,0.0,0,0,0,1,0,0,1,0,0,0,0,0,0,0,0,0,0,0,0,0
986,Chimes at Midnight,en,115.0,1965-12-22,800,0.0,0,0,0,1,0,0,1,0,0,0,1,0,0,0,0,0,0,0,0,0
70,Million Dollar Baby,en,132.0,2004-12-15,30000000,216763646.0,0,0,0,0,0,0,1,0,0,0,0,0,0,0,0,0,0,0,0,0
1280,3-Iron,ko,88.0,2004-10-15,0,0.0,0,0,0,0,1,0,1,0,0,0,0,0,0,0,1,0,0,0,0,0
2567,The Aviator,en,170.0,2004-12-17,116000000,102000000.0,0,0,0,0,0,0,1,0,0,0,0,0,0,0,0,0,0,0,0,0
342,Summer Storm,de,98.0,2004-09-02,2700000,0.0,0,0,0,1,0,0,1,0,0,0,0,0,0,0,0,0,0,0,0,0
273,The White Sound,de,107.0,2001-12-31,250000,0.0,0,0,0,0,0,0,1,0,0,0,0,0,0,0,0,0,0,0,0,0
661,The Marriage of Maria Braun,de,116.0,1979-02-20,0,0.0,0,0,0,0,0,0,1,0,0,0,0,0,0,0,0,0,0,0,1,0
7454,The Bunker,en,95.0,2001-09-14,0,0.0,1,0,0,0,0,0,0,0,0,0,1,1,0,0,0,0,0,0,0,0
41569,The Nomi Song,en,98.0,2004-03-23,0,0.0,0,0,0,0,0,1,0,0,0,1,0,0,0,0,0,0,0,0,0,0
2926,The Three Musketeers,en,105.0,1973-12-11,0,0.0,1,1,0,1,0,0,1,0,0,0,0,0,0,0,0,0,0,0,0,0
4974,Five Times Two,fr,90.0,2004-09-01,0,0.0,0,0,0,0,0,0,1,0,0,0,0,0,0,0,1,0,0,0,0,0
4235,The Sicilian Clan,fr,125.0,1969-12-01,0,0.0,0,0,0,0,1,0,0,0,0,0,0,0,0,0,0,0,0,0,0,0
26,Walk on Water,he,103.0,2004-02-05,1400000,0.0,0,0,0,0,0,0,1,0,0,0,0,0,0,0,0,0,0,0,0,0
6593,Godzilla vs. Mechagodzilla II,ja,108.0,1993-12-11,9500000,0.0,1,0,0,0,0,0,1,0,1,1,0,0,0,0,0,1,0,0,0,0
1918,Or (My Treasure),he,95.0,2004-09-09,0,0.0,0,0,0,0,0,0,1,0,0,0,0,0,0,0,0,0,0,0,0,0
1093,Elevator to the Gallows,fr,88.0,1958-01-29,0,263404.0,0,0,0,0,1,0,1,0,0,0,0,0,0,0,0,0,0,1,0,0
1589,The Boys from County Clare,en,91.0,2003-09-12,0,0.0,0,0,0,1,0,0,0,0,0,0,0,0,1,0,1,0,0,0,0,0
540,D.E.B.S.,en,91.0,2004-01-21,3500000,0.0,1,0,0,0,0,0,0,0,0,0,0,0,0,0,0,0,0,0,0,0
158,Knockin' on Heaven's Door,de,87.0,1997-02-20,0,0.0,0,0,0,1,1,0,0,0,0,0,0,0,0,0,0,0,0,0,0,0
1772,City of Hope,en,129.0,1991-10-11,0,0.0,0,0,0,0,0,0,1,0,0,0,0,0,0,0,0,0,0,0,0,0
1566,The Bridge,de,103.0,1959-10-21,0,0.0,0,0,0,0,0,0,1,0,0,0,1,0,0,0,0,0,0,0,1,0
1895,Star Wars: Episode III - Revenge of the Sith,en,140.0,2005-05-17,113000000,850000000.0,1,1,0,0,0,0,0,0,0,0,0,0,0,0,0,1,0,0,0,0
953,Madagascar,en,86.0,2005-05-25,75000000,532680671.0,0,0,1,0,0,0,0,1,0,0,0,0,0,0,0,0,0,0,0,0
272,Batman Begins,en,140.0,2005-06-10,150000000,374218673.0,1,0,0,0,1,0,1,0,0,0,0,0,0,0,0,0,0,0,0,0
276,The Edukators,de,127.0,2004-10-25,0,0.0,0,0,0,1,0,0,1,0,0,0,0,0,0,0,0,0,0,0,0,0
1635,The Island,en,136.0,2005-07-20,126000000,162949164.0,1,1,0,0,0,0,0,0,0,0,0,0,0,0,0,1,0,1,0,0
1665,Last Days,en,96.0,2005-05-13,0,1928985.0,0,0,0,0,0,0,1,0,0,0,0,0,0,0,0,0,0,0,0,0
308,Broken Flowers,en,105.0,2005-05-17,10000000,45742101.0,0,0,0,1,0,0,1,0,0,0,0,0,0,1,1,0,0,0,0,0
6957,The 40 Year Old Virgin,en,116.0,2005-08-11,26000000,109449237.0,0,0,0,1,0,0,0,0,0,0,0,0,0,0,1,0,0,0,0,0
1917,Who Killed Bambi?,fr,126.0,2003-12-24,0,0.0,0,0,0,0,0,0,0,0,0,0,0,0,0,0,0,0,0,1,0,0
1676,Will Penny,en,110.0,1967-12-19,0,0.0,0,0,0,0,0,0,0,0,0,0,0,0,0,0,1,0,0,0,0,1
2125,Wedlock,en,101.0,1991-05-10,0,0.0,1,0,0,0,0,0,0,0,0,0,0,0,0,0,0,1,0,1,0,0
1947,An Unfinished Life,en,108.0,2005-09-09,30000000,18618284.0,0,0,0,0,0,0,1,0,0,0,0,0,0,0,0,0,0,0,0,0
257,Oliver Twist,en,130.0,2005-09-23,50000000,42093706.0,0,0,0,0,1,0,1,1,0,0,0,0,0,0,0,0,0,0,0,0
647,Final Fantasy VII: Advent Children,ja,101.0,2005-07-14,0,0.0,1,1,1,0,0,0,0,0,1,0,0,0,0,0,0,0,0,0,0,0
349,Cockles and Muscles,fr,93.0,2005-03-30,0,0.0,0,0,0,1,0,0,0,0,0,0,0,0,0,0,0,0,0,0,0,0
533,The Curse of the Were-Rabbit,en,85.0,2005-09-04,30000000,192452832.0,0,1,1,1,0,0,0,1,0,0,0,0,0,0,0,0,0,0,0,0
3527,Don't Come Knocking,en,123.0,2005-05-19,11000000,0.0,0,0,0,0,0,0,1,0,0,0,0,0,1,0,0,0,0,0,0,0
41566,New York Doll,en,75.0,2005-01-01,0,0.0,0,0,0,0,0,1,0,0,0,0,0,0,1,0,0,0,0,0,0,0
215,Saw II,en,92.0,2005-10-28,4000000,152925093.0,0,0,0,0,0,0,0,0,0,0,0,1,0,0,0,0,0,0,0,0
2313,Prime,en,102.0,2005-09-21,0,0.0,0,0,0,1,0,0,1,0,0,0,0,0,0,0,1,0,0,0,0,0
25,Jarhead,en,125.0,2005-11-04,72000000,96889998.0,0,0,0,0,0,0,1,0,0,0,0,0,0,0,0,0,0,0,1,0
5620,Count Dracula,en,98.0,1970-04-03,0,0.0,0,0,0,0,0,0,0,0,0,0,0,1,0,0,0,0,0,0,0,0
231,Syriana,en,128.0,2005-11-23,50000000,94000000.0,0,0,0,0,0,0,1,0,0,0,0,0,0,0,0,0,0,1,0,0
674,Harry Potter and the Goblet of Fire,en,157.0,2005-11-05,150000000,895921036.0,0,1,0,0,0,0,0,1,1,0,0,0,0,0,0,0,0,0,0,0
69,Walk the Line,en,136.0,2005-09-13,28000000,186438883.0,0,0,0,0,0,0,1,0,0,0,0,0,1,0,1,0,0,0,0,0
546,Transamerica,en,103.0,2005-12-23,1000000,13350369.0,0,0,0,0,0,0,1,0,0,0,0,0,0,0,0,0,0,0,0,0
6934,Yesterday,zu,96.0,2004-09-03,0,0.0,0,0,0,0,0,0,1,0,0,0,0,0,0,0,0,0,0,0,0,0
1690,Hostel,en,94.0,2005-01-06,4800000,80578934.0,0,0,0,0,0,0,0,0,0,0,0,1,0,0,0,0,0,0,0,0
2455,Confidentially Yours,fr,110.0,1983-08-10,0,0.0,0,0,0,1,1,0,1,0,0,0,0,0,0,0,0,0,0,0,0,0
2117,Sophie Scholl: The Final Days,de,117.0,2005-02-13,0,0.0,0,0,0,0,0,0,1,0,0,0,1,0,0,0,0,0,0,0,0,0
17,The Dark,en,87.0,2006-01-26,0,0.0,0,0,0,0,0,0,0,0,0,0,0,1,0,1,0,0,0,1,0,0
292,Dave Chappelle's Block Party,en,100.0,2005-09-12,3000000,11718595.0,0,0,0,1,0,1,0,0,0,0,0,0,1,0,0,0,0,0,0,0
1544,Imagine Me & You,en,93.0,2005-02-01,0,2455831.0,0,0,0,1,0,0,1,0,0,0,0,0,0,0,1,0,0,0,0,0
950,Ice Age: The Meltdown,en,91.0,2006-03-23,80000000,660940780.0,0,1,1,1,0,0,0,1,0,0,0,0,0,0,0,0,0,0,0,0
1967,Ask the Dust,en,117.0,2006-02-02,0,0.0,0,0,0,0,0,0,1,0,0,0,0,0,0,0,1,0,0,0,0,0
1379,Lights in the Dusk,fi,78.0,2006-02-03,1380000,1615018.0,0,0,0,0,1,0,1,0,0,0,0,0,0,0,0,0,0,0,0,0
186,Lucky Number Slevin,en,110.0,2006-02-24,27000000,56308881.0,0,0,0,0,1,0,1,0,0,0,0,0,0,1,0,0,0,1,0,0
84954,Secrets of a Soul,de,97.0,1926-03-24,0,0.0,0,0,0,0,0,0,1,0,0,0,0,0,0,0,0,0,0,1,0,0
588,Silent Hill,en,125.0,2006-04-21,50000000,97607453.0,0,0,0,0,0,0,0,0,0,0,0,1,0,1,0,0,0,0,0,0
1416,The Coast Guard,ko,96.0,2002-11-22,0,0.0,0,0,0,0,0,0,1,0,0,0,0,0,0,0,0,0,0,1,0,0
920,Cars,en,117.0,2006-06-08,120000000,461983149.0,0,1,1,1,0,0,0,1,0,0,0,0,0,0,0,0,0,0,0,0
350,The Devil Wears Prada,en,109.0,2006-06-30,35000000,326551094.0,0,0,0,1,0,0,1,0,0,0,0,0,0,0,1,0,0,0,0,0
58,Pirates of the Caribbean: Dead Man's Chest,en,151.0,2006-06-20,200000000,1065659812.0,1,1,0,0,0,0,0,0,1,0,0,0,0,0,0,0,0,0,0,0
410,Summer in Berlin,de,105.0,2005-09-09,0,0.0,0,0,0,1,0,0,1,0,0,0,0,0,0,0,0,0,0,0,0,0
1262,Stranger Than Fiction,en,113.0,2006-09-09,30000000,53653224.0,0,0,0,1,0,0,1,0,1,0,0,0,0,0,1,0,0,0,0,0
2805,Tears of the Black Tiger,th,110.0,2000-10-05,0,0.0,1,0,0,1,0,0,0,0,0,0,0,0,0,0,1,0,0,0,0,0
1249,Hollywoodland,en,126.0,2006-08-31,0,16803753.0,0,0,0,0,1,0,1,0,0,0,0,0,0,0,0,0,0,1,0,0
1381,The Fountain,en,96.0,2006-09-06,35000000,15304890.0,0,1,0,0,0,0,1,0,0,0,0,0,0,0,1,1,0,0,0,0
300,The Science of Sleep,fr,105.0,2006-02-11,6000000,9524340.0,0,0,0,1,0,0,1,0,1,0,0,0,0,0,0,0,0,0,0,0
1717,All the King's Men,en,125.0,2006-09-10,55000000,9450897.0,0,0,0,0,0,0,1,0,0,0,0,0,0,0,0,0,0,1,0,0
4643,The Guardian,en,139.0,2006-09-28,70000000,55011732.0,1,1,0,0,0,0,1,0,0,0,0,0,0,0,0,0,0,0,0,0
1422,The Departed,en,151.0,2006-10-05,90000000,289847354.0,0,0,0,0,1,0,1,0,0,0,0,0,0,0,0,0,0,1,0,0
3593,Dr. Cyclops,en,76.0,1940-04-09,0,0.0,0,1,0,0,0,0,0,0,0,0,0,1,0,0,0,1,0,0,0,0
39183,Once in a Lifetime: The Extraordinary Story of the New York Cosmos,en,97.0,2006-01-01,1000000,0.0,0,0,0,0,0,1,0,0,0,0,0,0,0,0,0,0,0,0,0,0
86,The Elementary Particles,de,105.0,2006-02-10,6000000,0.0,0,0,0,0,0,0,1,0,0,0,0,0,0,0,1,0,0,0,0,0
1378,Shortbus,en,101.0,2006-05-20,2000000,5179037.0,0,0,0,1,0,0,1,0,0,0,0,0,0,0,1,0,0,0,0,0
1124,The Prestige,en,130.0,2006-10-19,40000000,109676311.0,0,0,0,0,0,0,1,0,0,0,0,0,0,1,0,0,0,1,0,0
3683,Flags of Our Fathers,en,132.0,2006-10-18,90000000,65900249.0,0,0,0,0,0,0,1,0,0,0,1,0,0,0,0,0,0,0,1,0
2447,The Nativity Story,en,101.0,2006-12-01,35000000,0.0,0,0,0,0,0,0,1,0,0,0,1,0,0,0,0,0,0,0,0,0
1372,Blood Diamond,en,143.0,2006-12-07,100000000,170877916.0,1,0,0,0,0,0,1,0,0,0,0,0,0,0,0,0,0,1,0,0
1246,Rocky Balboa,en,102.0,2006-12-20,24000000,155721132.0,0,0,0,0,0,0,1,0,0,0,0,0,0,0,0,0,0,0,0,0
1247,The Good Shepherd,en,167.0,2006-12-11,85000000,59908565.0,0,0,0,0,0,0,1,0,0,0,1,0,0,0,0,0,0,1,0,0
1125,Dreamgirls,en,134.0,2006-12-25,70000000,154937680.0,0,0,0,0,0,0,1,0,0,0,0,0,0,0,0,0,0,0,0,0
1259,Notes on a Scandal,en,92.0,2006-12-25,15000000,49469904.0,0,0,0,0,0,0,1,0,0,0,0,0,0,0,1,0,0,0,0,0
1251,Letters from Iwo Jima,en,141.0,2006-12-19,19000000,68673228.0,1,1,0,0,0,0,1,0,0,0,0,0,0,0,0,0,0,0,1,0
2433,The Young Girls of Rochefort,fr,124.0,1967-03-08,0,0.0,0,0,0,1,0,0,1,0,0,0,0,0,1,0,1,0,0,0,0,0
1265,Bridge to Terabithia,en,96.0,2007-02-16,60000000,137587063.0,0,1,0,0,0,0,1,1,0,0,0,0,0,0,0,0,0,0,0,0
1257,Because I Said So,en,102.0,2007-02-02,0,69485490.0,0,0,0,1,0,0,0,0,0,0,0,0,0,0,0,0,0,0,0,0
1248,Hannibal Rising,en,121.0,2007-02-06,50000000,82169884.0,0,0,0,0,1,0,1,0,0,0,0,0,0,0,0,0,0,1,0,0
1252,Lonely Hearts,en,108.0,2006-04-30,0,0.0,0,0,0,0,1,0,1,0,0,0,0,0,0,0,1,0,0,1,0,0
47200,Schizo,en,86.0,2004-01-01,0,0.0,0,0,0,0,1,0,1,0,0,0,0,0,0,0,1,0,0,0,0,0
1250,Ghost Rider,en,114.0,2007-02-16,110000000,228738393.0,1,0,0,0,0,0,0,0,1,0,0,1,0,0,0,0,0,1,0,0
4638,Hot Fuzz,en,121.0,2007-02-14,12000000,80573774.0,1,0,0,1,1,0,0,0,0,0,0,0,0,0,0,0,0,0,0,0
1253,Breaking and Entering,en,129.0,2006-12-15,0,8974829.0,0,0,0,0,0,0,1,0,0,0,0,0,0,0,1,0,0,0,0,0
1271,300,en,117.0,2006-12-09,65000000,422610419.0,1,1,0,0,0,0,0,0,0,0,0,0,0,0,0,0,0,0,1,0
2355,Reign Over Me,en,124.0,2007-03-23,20000000,22222308.0,0,0,0,0,0,0,1,0,0,0,0,0,0,0,0,0,0,0,0,0
1267,Meet the Robinsons,en,95.0,2007-03-23,150000000,169332978.0,0,0,1,1,0,0,0,1,0,0,0,0,0,0,0,0,0,0,0,0
1272,Sunshine,en,107.0,2007-04-05,50000000,32017803.0,0,0,0,0,0,0,0,0,0,0,0,0,0,0,0,1,0,1,0,0
1590,Copying Beethoven,en,104.0,2006-09-10,11000000,0.0,0,0,0,0,0,0,1,0,0,0,0,0,0,0,0,0,0,0,0,0
1407,La Vie en Rose,fr,140.0,2007-02-08,0,0.0,0,0,0,0,0,0,1,0,0,0,0,0,1,0,1,0,0,0,0,0
1441,The Contract,en,96.0,2006-04-05,25000000,5549200.0,1,0,0,0,1,0,1,0,0,0,0,0,0,0,0,0,0,1,0,0
1268,Mr. Bean's Holiday,en,90.0,2007-03-22,25000000,229736344.0,0,0,0,1,0,0,0,1,0,0,0,0,0,0,0,0,0,0,0,0
1950,Lucky You,en,124.0,2007-05-01,0,5761917.0,0,0,0,0,0,0,1,0,0,0,0,0,0,0,1,0,0,0,0,0
27904,Syndromes and a Century,th,105.0,2006-08-31,0,0.0,0,0,0,0,0,0,1,0,0,0,0,0,0,0,1,0,0,0,0,0
2269,Day Watch,ru,132.0,2006-01-01,4200000,38862717.0,0,0,0,0,0,0,0,0,1,0,0,1,0,0,0,0,0,0,0,0
2976,Hairspray,en,117.0,2007-07-13,50000000,90450008.0,0,0,0,1,0,0,0,1,0,0,0,0,1,0,1,0,0,0,0,0
1562,28 Weeks Later,en,100.0,2007-04-26,15000000,64238440.0,0,0,0,0,0,0,0,0,0,0,0,1,0,0,0,1,0,1,0,0
3489,88 Minutes,en,108.0,2007-02-14,30000000,16930884.0,0,0,0,0,1,0,0,0,0,0,0,0,0,1,0,0,0,1,0,0
2359,Sicko,en,123.0,2007-05-18,9000000,24538513.0,0,0,0,0,0,1,0,0,0,0,0,0,0,0,0,0,0,0,0,0
442,Popular Music,sv,100.0,2004-09-24,2224000,28000000.0,0,0,0,1,0,0,1,0,0,0,0,0,0,0,0,0,0,0,0,0
2959,License to Wed,en,91.0,2007-07-04,35000000,69307224.0,0,0,0,1,0,0,0,0,0,0,0,0,0,0,0,0,0,0,0,0
81847,The Dawn Patrol,en,108.0,1930-08-20,0,0.0,1,0,0,0,0,0,1,0,0,0,0,0,0,0,0,0,0,0,1,0
3638,No Reservations,en,104.0,2007-07-25,28000000,92601050.0,0,0,0,1,0,0,0,0,0,0,0,0,0,0,0,0,0,0,0,0
1721,All the Way Boys,it,106.0,1972-12-22,0,0.0,1,1,0,1,0,0,0,0,0,0,0,0,0,0,0,0,0,0,0,0
5956,Joshua,en,105.0,2007-01-21,0,719968.0,0,0,0,0,0,0,1,0,0,0,0,1,0,0,0,0,0,1,0,0
1127,Princesses,es,113.0,2005-09-02,0,0.0,0,0,0,0,0,0,1,0,0,0,0,0,0,0,0,0,0,0,0,0
1393,The Cave of the Yellow Dog,mn,93.0,2005-07-27,0,0.0,0,0,0,0,0,1,1,0,0,0,0,0,0,0,0,0,0,0,0,0
2701,Abraham,en,175.0,1994-04-03,10000000,0.0,0,0,0,0,0,0,1,0,0,0,0,0,0,0,0,0,0,0,0,0
2082,Halloween,en,109.0,2007-08-31,15000000,80253908.0,0,0,0,0,0,0,0,0,0,0,0,1,0,0,0,0,0,0,0,0
2335,Taxi 4,fr,91.0,2007-02-10,0,0.0,1,0,0,1,0,0,0,0,0,0,0,0,0,0,0,0,0,0,0,0
4351,Bordertown,en,112.0,2006-05-18,21000000,0.0,0,0,0,0,1,0,1,0,0,0,0,0,0,1,0,0,0,0,0,0
2009,"4 Months, 3 Weeks and 2 Days",ro,113.0,2007-08-24,852510,1185783.0,0,0,0,0,0,0,1,0,0,0,0,0,0,0,0,0,0,0,0,0
2728,Postal,en,100.0,2007-08-11,0,0.0,1,0,0,1,0,0,0,0,0,0,0,0,0,0,0,0,0,0,0,0
2001,We Own the Night,en,117.0,2007-05-25,21000000,54926886.0,0,0,0,0,1,0,1,0,0,0,0,0,0,0,0,0,0,1,0,0
2011,Persepolis,fr,95.0,2007-05-23,7300000,0.0,0,0,1,0,0,0,1,0,0,0,0,0,0,0,0,0,0,0,0,0
663,Saw IV,en,93.0,2007-10-25,10000000,139352633.0,0,0,0,0,1,0,0,0,0,0,0,1,0,0,0,0,0,1,0,0
7347,Elite Squad,pt,115.0,2007-10-12,4000000,0.0,1,0,0,0,1,0,1,0,0,0,0,0,0,0,0,0,0,0,0,0
2013,The Diving Bell and the Butterfly,fr,112.0,2007-05-22,14000000,19777647.0,0,0,0,0,0,0,1,0,0,0,0,0,0,0,0,0,0,0,0,0
1620,Hitman,en,89.0,2007-11-21,24000000,99965753.0,1,0,0,0,1,0,1,0,0,0,0,0,0,0,0,0,0,1,0,0
2268,The Golden Compass,en,113.0,2007-12-04,180000000,372234864.0,0,1,0,0,0,0,0,0,1,0,0,0,0,0,0,0,0,0,0,0
6537,The Orphanage,es,105.0,2007-08-27,0,44000000.0,0,0,0,0,0,0,1,0,0,0,0,1,0,0,0,0,0,1,0,0
440,Aliens vs Predator: Requiem,en,94.0,2007-12-25,40000000,41797066.0,1,0,0,0,0,0,0,0,1,0,0,1,0,0,0,1,0,1,0,0
1488,Mongolian Ping Pong,zh,102.0,2005-06-11,0,0.0,0,0,0,1,0,0,1,0,0,0,0,0,0,0,0,0,0,0,0,0
4034,That Man from Rio,fr,110.0,1964-02-05,0,0.0,1,1,0,1,0,0,0,0,0,0,0,0,0,0,0,0,0,0,0,0
1479,"Clean, Shaven",en,79.0,1993-09-05,68000,0.0,0,0,0,0,1,0,1,0,0,0,0,0,0,0,0,0,0,0,0,0
33166,Downhill Racer,en,101.0,1969-11-06,16500000,0.0,0,0,0,0,0,0,1,0,0,0,0,0,0,0,0,0,0,0,0,0
383,Mala Noche,en,78.0,1986-02-05,22500,0.0,0,0,0,0,0,0,1,0,0,0,0,0,0,0,0,0,0,0,0,0
1266,Street Kings,en,109.0,2008-04-10,20000000,65569869.0,1,0,0,0,1,0,1,0,0,0,0,0,0,0,0,0,0,1,0,0
1729,The Forbidden Kingdom,en,104.0,2008-04-18,55000000,127906624.0,1,1,0,0,0,0,0,0,1,0,0,0,0,0,0,0,0,0,0,0
1810,Viva Zapata!,en,113.0,1952-02-07,0,0.0,0,0,0,0,0,0,1,0,0,0,1,0,0,0,0,0,0,0,0,1
2454,The Chronicles of Narnia: Prince Caspian,en,150.0,2008-05-15,225000000,419651413.0,0,1,0,0,0,0,0,1,1,0,0,0,0,0,0,0,0,0,0,0
4857,"Farewell, Friend",fr,115.0,1968-08-14,0,0.0,1,1,0,0,1,0,0,0,0,0,0,0,0,0,0,0,0,0,0,0
31658,Hour of the Gun,en,100.0,1967-11-01,0,0.0,1,0,0,0,0,0,1,0,0,0,0,0,0,0,0,0,0,0,0,1
428,Summer '04,de,97.0,2006-10-11,0,0.0,0,0,0,0,0,0,1,0,0,0,0,0,0,0,1,0,0,0,0,0
2002,The Last Mistress,fr,104.0,2007-05-30,6500000,0.0,0,0,0,0,0,0,1,0,0,0,0,0,0,0,1,0,0,0,0,0
1735,The Mummy: Tomb of the Dragon Emperor,en,112.0,2008-07-01,145000000,401128639.0,1,1,0,0,0,0,0,0,1,0,0,0,0,0,0,0,0,0,0,0
2012,Silent Light,de,142.0,2007-10-02,0,0.0,0,0,0,0,0,0,1,0,0,0,0,0,0,0,0,0,0,0,0,0
3,Shadows in Paradise,fi,76.0,1986-10-16,0,0.0,0,0,0,1,0,0,1,0,0,0,0,0,0,0,0,0,0,0,0,0
4701,A Tale of Two Cities,en,115.0,1958-02-07,0,0.0,0,0,0,0,0,0,1,0,0,0,1,0,0,0,1,0,0,0,0,0
111759,Don Q Son of Zorro,en,111.0,1925-06-15,0,0.0,0,1,0,0,0,0,0,0,0,0,0,0,0,0,1,0,0,0,0,1
5816,Waiter,nl,95.0,2006-09-28,0,0.0,0,0,0,1,0,0,0,0,0,0,0,0,0,0,0,0,0,0,0,0
2694,Tuya's Marriage,zh,96.0,2006-09-21,0,0.0,0,0,0,0,0,0,1,0,0,1,0,0,0,0,1,0,0,0,0,0
2253,Valkyrie,en,121.0,2008-12-25,75000000,200276000.0,0,0,0,0,0,0,1,0,0,0,1,0,0,0,0,0,0,1,1,0
6936,Ben X,nl,90.0,2007-08-26,1500000,0.0,0,0,0,0,0,0,1,0,0,0,0,0,0,0,0,0,0,0,0,0
4148,Revolutionary Road,en,119.0,2008-12-19,35000000,75225693.0,0,0,0,0,0,0,1,0,0,0,0,0,0,0,1,0,0,0,0,0
53519,High and Dizzy,en,26.0,1920-07-11,0,0.0,0,0,0,1,0,0,0,0,0,0,0,0,0,0,0,0,0,0,0,0
317,Grbavica: The Land of My Dreams,bs,90.0,2006-03-01,0,0.0,0,0,0,0,0,0,1,0,0,0,1,0,0,0,0,0,0,0,0,0
1961,My Name Is Bruce,en,86.0,2007-10-01,1500000,173066.0,0,0,0,1,0,0,0,0,0,0,0,1,0,0,0,0,0,0,0,0
434,Tough Enough,de,99.0,2006-03-09,0,0.0,0,0,0,0,0,0,1,0,0,0,0,0,0,0,0,0,0,1,0,0
1387,Superstar: The Karen Carpenter Story,en,43.0,1988-04-30,0,0.0,0,0,0,0,0,0,1,0,0,0,0,0,1,0,0,0,0,0,0,0
2080,X-Men Origins: Wolverine,en,107.0,2009-04-28,150000000,373062864.0,1,1,0,0,0,0,0,0,0,0,0,0,0,0,0,1,0,1,0,0
42738,Scorpio,en,114.0,1973-04-10,0,0.0,1,1,0,0,0,0,1,0,0,0,0,0,0,0,0,0,0,1,0,0
534,Terminator Salvation,en,115.0,2009-05-20,200000000,371353001.0,1,0,0,0,0,0,0,0,0,0,0,0,0,0,0,1,0,1,0,0
761,The Wing or the Thigh,fr,104.0,1976-10-27,0,0.0,0,0,0,1,0,0,0,0,0,0,0,0,0,0,0,0,0,0,0,0
5060,Carry On Screaming,en,87.0,1966-05-20,0,0.0,0,0,0,1,0,0,0,0,0,0,0,0,0,0,0,0,0,0,0,0
4734,Van Gogh,fr,158.0,1991-10-30,0,138000.0,0,0,0,0,0,0,1,0,0,0,0,0,0,0,0,0,0,0,0,0
2973,Aelita: Queen of Mars,ru,120.0,1924-09-24,0,0.0,0,1,0,0,0,0,1,0,1,0,0,0,0,0,0,1,0,0,0,0
836,Barren Lives,pt,115.0,1963-08-22,0,0.0,0,0,0,0,0,0,1,0,0,1,0,0,0,0,1,0,0,0,0,0
7445,Brothers,en,104.0,2009-01-27,26000000,43318349.0,0,0,0,0,0,0,1,0,0,0,0,0,0,0,0,0,0,1,1,0
1284,Torrente 2: Mission in Marbella,es,99.0,2001-03-30,0,0.0,0,0,0,1,1,0,0,0,0,0,0,0,0,0,0,0,0,0,0,0
2143,Carla's Song,en,125.0,1996-09-20,0,0.0,0,0,0,0,0,0,1,0,0,0,0,0,0,0,1,0,0,0,1,0
2395,Asterix at the Olympic Games,fr,116.0,2008-01-13,97250400,132900000.0,0,1,0,1,0,0,0,1,1,0,0,0,0,0,0,0,0,0,0,0
4887,Takva: A Man's Fear of God,en,96.0,2006-12-01,0,0.0,0,0,0,0,0,0,1,0,0,0,0,0,0,0,0,0,0,0,0,0
1912,Reclaim Your Brain,de,129.0,2007-09-11,2500000,0.0,0,0,0,1,0,0,1,0,0,0,0,0,0,0,0,0,0,0,0,0
7346,Sparrow,cn,87.0,2008-06-04,0,0.0,0,0,0,0,0,0,0,0,0,0,0,0,0,0,0,0,0,1,0,0
40819,Best Worst Movie,en,93.0,2009-01-01,0,0.0,0,0,0,1,0,1,0,0,0,0,0,0,0,0,0,0,0,0,0,0
3037,Yella,de,89.0,2007-02-14,3000000,0.0,0,0,0,0,0,0,1,0,0,0,0,0,0,0,1,0,0,0,0,0
1920,Crime of Passion,en,83.0,1957-01-09,0,0.0,0,0,0,0,1,0,1,0,0,0,0,0,0,0,0,0,0,1,0,0
3476,That Most Important Thing: Love,fr,109.0,1975-02-12,0,0.0,0,0,0,0,0,0,1,0,0,0,0,0,0,0,1,0,0,0,0,0
94959,"Edward, My Son",en,112.0,1949-06-02,0,0.0,0,0,0,0,0,0,1,0,0,0,0,0,0,0,0,0,0,0,0,0
1673,Comanche Station,en,73.0,1960-03-01,0,0.0,1,0,0,0,0,0,0,0,0,0,0,0,0,0,0,0,0,0,0,1
8464,Top of the Food Chain,en,99.0,1999-09-11,0,0.0,0,0,0,1,0,0,0,0,0,0,0,1,0,0,0,1,0,0,0,0
481,7 Virgins,es,86.0,2005-10-14,0,0.0,0,0,0,0,0,0,1,0,0,0,0,0,0,0,0,0,0,0,0,0
47610,Gravity,de,97.0,2010-03-24,0,0.0,0,0,0,0,1,0,1,0,0,0,0,0,0,0,0,0,0,0,0,0
1244,Eight Miles High,de,114.0,2007-02-01,0,0.0,0,0,0,1,0,0,1,0,0,0,0,0,1,0,0,0,0,0,0,0
471,Bandyta,en,102.0,1997-01-01,0,0.0,0,0,0,0,0,0,1,0,0,0,0,0,0,0,0,0,0,0,0,0
2010,The Mourning Forest,ja,97.0,2007-05-24,0,0.0,0,0,0,0,0,0,1,0,0,0,0,0,0,0,0,0,0,0,0,0
54001,The Traveler,fa,83.0,1974-01-01,0,0.0,0,0,0,0,0,0,1,0,0,0,0,0,0,0,0,0,0,0,0,0
3081,The Goddess,en,104.0,1958-06-24,0,0.0,0,0,0,0,0,0,1,0,0,0,0,0,0,0,0,0,0,0,0,0
44555,"A Woman, a Gun and a Noodle Shop",zh,95.0,2009-12-11,0,0.0,0,0,0,1,0,0,1,0,0,0,0,0,0,0,0,0,0,1,0,0
3107,Destroy All Monsters,ja,89.0,1968-08-01,0,0.0,1,0,0,0,0,0,0,0,0,0,0,1,0,0,0,1,0,1,0,0
51540,Horrible Bosses,en,98.0,2011-07-08,35000000,117000000.0,0,0,0,1,1,0,0,0,0,0,0,0,0,0,0,0,0,0,0,0
4641,Read It and Weep,en,90.0,2006-07-21,0,0.0,0,0,0,1,0,0,1,1,0,0,0,0,0,0,0,0,1,0,0,0
49530,In Time,en,109.0,2011-10-27,40000000,173930596.0,1,0,0,0,0,0,0,0,0,0,0,0,0,0,0,1,0,1,0,0
47099,Killer,en,80.0,1998-01-01,0,0.0,0,0,0,0,0,0,0,0,0,0,0,0,0,0,0,0,0,0,0,0
1254,"Don't Worry, I'm Fine",fr,96.0,2006-09-06,0,0.0,0,0,0,0,0,0,1,0,0,0,0,0,0,0,0,0,0,0,0,0
8368,The Garden of Eden,en,111.0,2008-01-01,0,0.0,0,0,0,0,0,0,1,0,0,0,0,0,0,0,0,0,0,0,0,0
77561,EVA,es,94.0,2011-10-28,7000000,0.0,0,0,0,0,0,0,0,0,0,0,0,0,0,0,0,1,0,0,0,0
3556,Mad Dog Coll,en,88.0,1961-05-12,0,0.0,0,0,0,0,1,0,1,0,0,0,0,0,0,0,0,0,0,0,0,0
85414,Brake,en,92.0,2012-03-22,0,0.0,1,0,0,0,0,0,0,0,0,0,0,0,0,0,0,0,0,1,0,0
1556,Funeral Parade of Roses,ja,104.0,1969-01-01,0,0.0,0,0,0,0,0,0,1,0,0,0,0,0,0,0,0,0,0,0,0,0
40629,The Mikado,en,130.0,1987-01-01,0,0.0,0,0,0,1,0,0,1,0,0,1,0,0,1,0,1,0,0,0,0,0
537,Not Here to Be Loved,fr,93.0,2005-10-12,0,0.0,0,0,0,0,0,0,1,0,0,0,0,0,0,0,1,0,0,0,0,0
96821,Caesar Must Die,it,76.0,2012-02-11,0,0.0,0,0,0,0,0,1,1,0,0,0,0,0,0,0,0,0,0,0,0,0
160,The Arrival of a Train at La Ciotat,es,1.0,1896-01-25,0,0.0,0,0,0,0,0,1,0,0,0,0,0,0,0,0,0,0,0,0,0,0
89492,This Is 40,en,134.0,2012-12-20,35000000,88058786.0,0,0,0,1,0,0,0,0,0,0,0,0,0,0,0,0,0,0,0,0
46972,Big Girls Don't Cry... They Get Even,en,96.0,1992-05-08,0,0.0,0,0,0,1,0,0,1,1,0,0,0,0,0,0,0,0,0,0,0,0
3146,The War of the Gargantuas,ja,88.0,1966-07-31,0,0.0,1,0,0,0,0,0,0,0,0,0,0,1,0,0,0,1,0,0,0,0
3052,Don't Make Waves,en,97.0,1967-06-20,0,0.0,0,0,0,1,0,0,0,0,0,0,0,0,0,0,0,0,0,0,0,0
2966,"20,000 Leagues Under the Sea",en,158.0,1997-05-11,0,0.0,1,1,0,0,0,0,0,0,1,0,0,0,0,0,0,1,0,0,0,0
3160,Frankenstein Conquers the World,ja,93.0,1965-08-08,0,0.0,0,0,0,0,0,0,0,0,0,0,0,1,0,0,0,1,0,0,0,0
56949,Wind with the Gone,it,90.0,1998-11-12,0,0.0,0,0,0,0,0,0,0,0,0,0,0,0,0,0,0,0,0,0,0,0
3030,End of the World,en,88.0,1977-08-01,0,0.0,0,0,0,0,0,0,0,0,1,0,0,0,0,0,0,1,0,1,0,0
2072,Cyberjack,en,99.0,1995-09-19,2000000,0.0,1,0,0,0,0,0,0,0,0,0,0,0,0,0,0,1,0,1,0,0
8985,Visions of Europe,en,140.0,2004-05-01,2000000,0.0,0,0,0,1,0,0,1,0,0,0,0,0,0,0,0,0,0,0,0,0
54272,Adventures of Zatôichi,ja,86.0,1964-12-30,0,0.0,1,1,0,0,0,0,1,0,0,0,0,0,0,0,0,0,0,0,0,0
5995,Miffo,sv,105.0,2003-07-31,0,0.0,0,0,0,1,0,0,1,0,0,0,0,0,0,0,0,0,0,0,0,0
69406,Rio Sex Comedy,en,124.0,2010-09-16,0,0.0,0,0,0,1,0,0,0,0,0,1,0,0,0,0,0,0,0,0,0,0
84152,Dollman vs. Demonic Toys,en,64.0,1993-10-13,0,0.0,1,0,0,0,0,0,0,0,1,0,0,1,0,0,0,1,0,1,0,0
1732,The Prisoner of Zenda,en,108.0,1979-08-17,0,0.0,1,1,0,1,0,0,0,0,0,0,0,0,0,0,0,0,0,0,0,0
4992,Shark!,en,92.0,1969-10-08,0,0.0,1,0,0,0,0,0,0,0,0,0,0,0,0,0,0,0,0,1,0,0
44022,Bandido!,en,92.0,1956-09-01,0,0.0,1,0,0,0,0,0,0,0,0,0,0,0,0,0,0,0,0,0,0,1
2692,The Red Elvis,de,90.0,2007-02-13,0,0.0,0,0,0,0,0,1,0,0,0,0,0,0,0,0,0,0,0,0,0,0
1285,Torrente 3 The Protector,es,91.0,2005-09-30,0,0.0,0,0,0,1,1,0,0,0,0,0,0,0,0,0,0,0,0,0,0,0
256,Antoine and Colette,fr,29.0,1962-06-22,0,0.0,0,0,0,0,0,0,1,0,0,0,0,0,0,0,0,0,0,0,0,0
84944,The White Reindeer,fi,74.0,1952-07-25,0,0.0,0,0,0,0,0,0,1,0,1,0,0,1,0,0,0,0,0,0,0,0
56152,Brigham Young,en,114.0,1940-09-27,0,0.0,0,0,0,0,0,0,0,0,0,0,1,0,0,0,1,0,0,0,0,1
2139,Cleopatra Jones and the Casino of Gold,en,94.0,1975-07-11,0,0.0,1,1,0,0,0,0,1,0,0,0,0,0,0,0,0,0,0,0,0,0
2699,Titanic,en,173.0,1996-11-17,13000000,0.0,1,0,0,0,0,0,1,0,0,0,0,0,0,0,1,0,0,0,0,0
4226,Shriek If You Know What I Did Last Friday the Thirteenth,en,86.0,2000-10-17,5000000,0.0,0,0,0,1,0,0,0,0,0,0,0,0,0,0,0,0,0,0,0,0
4344,Hotel Very Welcome,en,90.0,2007-02-13,0,0.0,0,0,0,1,0,0,1,1,0,1,0,1,0,0,0,0,0,0,0,0
3686,Last of the Renegades,de,94.0,1964-09-17,0,0.0,0,0,0,0,0,0,0,0,0,0,0,0,0,0,0,0,0,0,0,1
53953,The Tooth Fairy,de,0.0,2006-08-08,0,0.0,0,0,0,0,0,0,0,0,0,0,0,1,0,0,0,0,0,0,0,0
2648,Aces Go Places V: The Terracotta Hit,cn,103.0,1989-01-01,0,0.0,1,0,0,0,0,0,0,0,0,0,0,0,0,0,0,0,0,0,0,0
1260,Lotte from Gadgetville,et,81.0,2006-08-25,0,0.0,0,1,1,1,0,0,0,1,0,0,0,0,0,0,0,0,0,0,0,0
2186,Within the Woods,en,32.0,1978-11-23,1600,0.0,0,0,0,0,0,0,0,0,0,0,0,1,0,0,0,0,0,0,0,0
3168,Three-Step Dance,en,107.0,2003-08-31,0,0.0,0,0,0,0,0,0,1,0,0,0,0,0,0,0,0,0,0,0,0,0
44191,Loose Screws,en,92.0,1985-07-19,945000,0.0,0,0,0,1,0,0,0,0,0,0,0,0,0,0,0,0,0,0,0,0
2141,James Dean,en,90.0,2001-08-04,0,0.0,0,0,0,0,0,0,1,0,0,0,0,0,0,0,0,0,0,0,0,0
2993,One on Top of the Other,it,97.0,1969-08-15,0,0.0,0,0,0,0,0,0,0,0,0,0,0,0,0,1,0,0,0,1,0,0
27706,The Night Child,en,90.0,1975-04-22,0,0.0,0,0,0,0,0,0,0,0,0,0,0,1,0,0,0,0,0,0,0,0
5065,Carry On Cowboy,en,93.0,1966-03-01,0,0.0,0,0,0,1,0,0,0,0,0,0,0,0,0,0,0,0,0,0,0,1
8371,Guter Junge,de,90.0,2008-04-09,0,0.0,0,0,0,0,0,0,1,0,0,0,0,0,0,0,0,0,0,0,0,0
1269,The Vexxer,de,98.0,2007-03-10,0,0.0,0,0,0,1,1,0,0,0,0,0,0,0,0,0,0,0,0,0,0,0
1616,Erkan & Stefan 3,de,97.0,2005-05-19,0,0.0,0,0,0,1,0,0,0,0,0,0,0,0,0,0,0,0,0,0,0,0
46578,Cheerleaders' Wild Weekend,en,87.0,1979-09-01,0,0.0,0,0,0,1,1,0,0,0,0,0,0,0,0,0,0,0,0,0,0,0
88744,The Woman with the 5 Elephants,en,93.0,2010-01-09,0,0.0,0,0,0,0,0,1,0,0,0,1,0,0,0,0,0,0,0,0,0,0
3699,Seven Blood-Stained Orchids,en,92.0,1972-06-30,0,0.0,0,0,0,0,1,0,0,0,0,0,0,1,0,1,0,0,0,0,0,0
74458,Mere Brother Ki Dulhan,hi,139.0,2011-09-09,5510000,18050000.0,0,0,0,1,0,0,1,0,0,0,0,0,0,0,1,0,0,0,0,0
5064,Carry On Doctor,en,90.0,1967-12-02,0,0.0,0,0,0,1,0,0,0,0,0,0,0,0,0,0,0,0,0,0,0,0
54503,The Mystery of Chess Boxing,en,87.0,1979-01-01,0,0.0,1,0,0,0,0,0,0,0,0,1,0,0,0,0,0,0,0,0,0,0
53121,Barking Water,en,85.0,2009-01-17,0,0.0,0,0,0,0,0,0,1,0,0,0,0,0,0,0,0,0,0,0,0,0
36529,Metamorphosis,en,96.0,1990-08-07,0,0.0,0,0,0,0,0,0,0,0,0,0,0,1,0,0,0,1,0,0,0,0
45431,Devil in the Flesh,en,99.0,1998-01-04,0,0.0,0,0,0,0,0,0,0,0,0,0,0,1,0,0,0,0,0,1,0,0
97938,Heart of the Country,en,87.0,2013-08-19,0,0.0,0,0,0,0,0,0,1,1,0,0,0,0,0,0,1,0,0,0,0,0
86332,The Redeemer: Son of Satan!,en,84.0,1978-04-07,0,0.0,0,0,0,0,0,0,0,0,0,0,0,1,0,0,0,0,0,0,0,0
31410,My Sweet Little Village,cs,98.0,1985-08-01,0,0.0,0,0,0,1,0,0,0,0,0,0,0,0,0,0,0,0,0,0,0,0
81229,Hacker,en,90.0,2002-01-01,0,0.0,0,0,0,1,0,0,0,0,0,0,0,0,0,0,0,0,0,0,0,0
107406,Oscenità,it,84.0,1980-02-14,0,0.0,0,0,0,0,0,0,1,0,0,0,0,0,0,0,0,0,0,0,0,0
93840,Blind Man,fr,94.0,2012-03-06,0,0.0,1,0,0,0,0,0,0,0,0,0,0,0,0,0,0,0,0,1,0,0
2004,Kebab Connection,de,96.0,2004-04-21,0,0.0,1,0,0,1,0,0,0,0,0,0,0,0,0,0,1,0,0,0,0,0
2333,Buddenbrooks,de,151.0,2008-12-25,0,0.0,0,0,0,0,0,0,1,0,0,0,0,0,0,0,0,0,0,0,0,0
2232,The Legend of Paul and Paula,de,105.0,1973-03-14,0,0.0,0,0,0,0,0,0,1,0,0,0,0,0,0,0,1,0,0,0,0,0
457,Sissi,de,102.0,1955-12-22,0,0.0,0,0,0,1,0,0,1,0,0,0,0,0,0,0,1,0,0,0,0,0
45722,Don't Look Down,es,80.0,2008-03-07,0,0.0,0,0,0,0,0,0,1,0,0,0,0,0,0,0,1,0,0,0,0,0
55765,Righteous Ties,ko,126.0,2006-10-19,4500000,0.0,1,1,0,0,1,0,1,0,0,1,0,0,0,0,0,0,0,0,0,0
2078,The Pawnshop,en,32.0,1916-10-02,0,0.0,0,0,0,1,0,0,0,0,0,0,0,0,0,0,0,0,0,0,0,0
51935,House of Boys,en,113.0,2009-11-20,2500000,0.0,0,0,0,0,0,0,1,0,0,0,0,0,0,0,1,0,0,0,0,0
3578,The Tunnel,de,72.0,1933-10-26,0,0.0,0,0,0,0,0,0,0,0,0,0,0,0,0,0,0,1,0,0,0,0
798,Pünktchen und Anton,de,91.0,1953-08-26,0,0.0,0,0,0,0,0,0,1,0,0,0,0,0,0,0,0,0,0,0,0,0
5881,Twice Upon a Time,fr,92.0,2006-11-08,0,0.0,0,0,0,1,0,0,0,0,0,0,0,0,0,0,0,0,0,0,0,0
4728,The Gendarme in New York,fr,95.0,1965-10-28,0,0.0,0,0,0,1,0,0,0,0,0,0,0,0,0,0,0,0,0,0,0,0
67087,Curtains,en,89.0,1983-03-04,0,0.0,0,0,0,0,1,0,0,0,0,0,0,1,0,0,0,0,0,1,0,0
39446,At Risk,en,90.0,2010-04-10,5000000,0.0,0,0,0,0,1,0,1,0,0,0,0,0,0,1,0,0,1,0,0,0
4979,Windows on Monday,de,88.0,2006-02-10,0,0.0,0,0,0,0,0,0,1,0,0,0,0,0,0,0,0,0,0,0,0,0
104374,Woman of the Lake,ja,102.0,1966-08-27,0,0.0,0,0,0,0,0,0,1,0,0,0,0,0,0,0,0,0,0,0,0,0
2890,"André Hazes, Zij Gelooft in Mij",nl,86.0,2000-01-27,0,0.0,0,0,0,0,0,1,0,0,0,0,0,0,0,0,0,0,0,0,0,0
2764,All Stars,nl,115.0,1997-05-01,0,0.0,0,0,0,0,0,0,0,0,0,0,0,0,0,0,0,0,0,0,0,0
30810,Olga's House of Shame,en,70.0,1964-02-06,0,0.0,0,0,0,0,1,0,1,0,0,0,0,0,0,0,0,0,0,0,0,0
799,Annaluise & Anton,de,107.0,1999-03-11,0,0.0,0,0,0,0,0,0,0,1,0,0,0,0,0,0,0,0,0,0,0,0
2989,Roar,en,102.0,1981-11-12,17000000,2000000.0,0,1,0,0,0,0,0,0,0,0,0,0,0,0,0,0,0,1,0,0
58559,Confession of a Child of the Century,fr,120.0,2012-08-29,0,0.0,0,0,0,0,0,0,1,0,0,0,0,0,0,0,0,0,0,0,0,0
63876,Circle of Love,fr,105.0,1964-10-16,0,0.0,0,0,0,1,0,0,1,0,0,0,1,0,0,0,1,0,0,0,0,0
38061,Anybody's Son Will Do,en,57.0,,0,0.0,0,0,0,0,0,0,0,0,0,0,0,0,0,0,0,0,0,0,0,0
3698,"Amigo, Stay Away",it,98.0,1972-02-04,0,0.0,0,0,0,0,0,0,0,0,0,0,0,0,0,0,0,0,0,0,0,1
63859,Pufnstuf,en,94.0,1970-05-03,0,0.0,0,0,0,1,0,0,0,1,1,0,0,0,1,0,0,0,0,0,0,0
2324,Local Color,en,107.0,2006-09-19,3250000,32788.0,0,0,0,0,0,0,1,0,0,0,0,0,0,0,0,0,0,0,0,0
67255,The Crazy Family,ja,102.0,1984-06-24,0,0.0,0,0,0,1,0,0,1,0,0,0,0,0,0,0,0,0,0,0,0,0
3479,Dirty Hands,fr,121.0,1975-01-01,0,0.0,0,0,0,0,1,0,0,0,0,0,0,0,0,0,0,0,0,1,0,0
3159,Frankenstein's Castle of Freaks,it,90.0,1974-02-19,0,0.0,0,0,0,0,0,0,0,0,0,0,0,1,0,0,0,0,0,0,0,0
1608,When Saturday Comes,en,95.0,1996-03-01,0,0.0,0,0,0,0,0,0,1,0,0,0,0,0,0,0,0,0,0,0,0,0
4369,Just a Question of Love,en,88.0,2000-01-01,0,0.0,0,0,0,0,0,0,1,0,0,0,0,0,0,0,1,0,0,0,0,0
2459,An Elephant Can Be Extremely Deceptive,fr,105.0,1976-09-22,0,0.0,0,0,0,1,0,0,0,0,0,0,0,0,0,0,0,0,0,0,0,0
48780,Boat,en,8.0,2007-01-30,0,0.0,0,0,0,0,0,0,0,0,0,1,0,0,0,0,0,0,0,0,0,0
2132,Totally Blonde,en,94.0,2001-01-01,0,0.0,0,0,0,1,0,0,0,0,0,0,0,0,0,0,0,0,0,0,0,0
68954,Longitude,en,198.0,2000-01-13,0,0.0,0,0,0,0,0,0,1,0,0,0,1,0,0,0,0,0,1,0,0,0
3210,The Projected Man,en,77.0,1966-01-01,0,0.0,0,0,0,0,0,0,0,0,0,0,0,1,0,0,0,1,0,0,0,0
2791,The Chronicles of Riddick: Dark Fury,en,34.0,2004-06-15,0,0.0,1,0,1,0,0,0,0,0,0,0,0,0,0,0,0,1,0,1,0,0
3178,Beat,en,93.0,2000-01-29,0,0.0,0,0,0,0,0,0,1,0,0,0,0,0,0,0,0,0,0,0,0,0
3104,Frankenstein Created Woman,en,92.0,1967-03-15,0,0.0,0,0,0,0,0,0,0,0,0,0,0,1,0,0,0,1,0,0,0,0
