user_ID,item_ID,rating
741,18,3.5
741,1088,3.5
1846,145,2.5
1846,3160,4.0
1932,8368,4.0
1932,193,1.0
2531,30707,4.0
2531,910,4.5
2547,39446,3.5
2547,1552,3.0
3437,227,2.5
3437,671,3.0
3950,4011,4.0
3950,329,2.0
4160,596,5.0
4160,593,5.0
4294,84944,2.0
4294,2289,4.0
4323,457,4.0
4323,2692,4.0
5378,307,4.0
5378,2144,3.0
5829,185,3.5
5829,1271,3.5
6222,364,5.0
6222,2762,5.0
6294,22,4.0
6294,3536,3.0
6513,21,2.0
6513,8983,4.0
6914,1278,4.0
6914,1391,4.0
7417,327,1.0
7417,2454,4.0
7570,2565,2.0
7570,919,2.5
7849,24,2.5
7849,4226,4.0
8233,24,4.0
8233,2002,2.0
8659,135,3.0
8659,3159,3.5
8667,507,3.0
8667,497,4.0
9040,586,5.0
9040,2926,4.0
9164,30707,4.0
9164,1680,4.5
9488,5995,4.5
9488,303,3.0
9788,2268,4.0
9788,480,4.5
10223,3543,4.0
10223,1059,4.0
10637,2140,4.0
10637,53953,3.0
10690,315,4.0
10690,4886,4.0
10982,62,3.0
10982,799,2.0
11230,111,4.5
11230,1268,4.0
12009,44191,3.5
12009,1566,3.0
12072,329,3.0
12072,54001,4.0
12528,3033,2.0
12528,5065,4.0
12750,296,4.0
12750,3981,3.5
12935,431,3.5
12935,3019,4.5
12962,293,5.0
12962,2502,5.0
15296,953,3.5
15296,224,3.0
15922,22,3.0
15922,916,4.0
16458,21,3.0
16458,2291,4.0
16464,1589,4.0
16464,1729,2.0
16472,172,3.0
16472,454,3.5
16481,593,4.5
16481,5991,1.5
16776,267,4.0
16776,5816,3.5
17211,1488,3.0
17211,3052,4.0
17838,708,3.5
17838,2321,3.0
18056,2019,5.0
18056,916,4.0
18206,22,3.0
18206,4011,2.0
18274,276,4.5
18274,2539,4.0
18550,46578,4.5
18550,509,2.5
18652,95,4.0
18652,1127,1.0
19580,31410,4.0
19580,2966,3.0
19672,2321,3.0
19672,3698,4.0
19690,1552,4.0
19690,21,3.0
19786,527,5.0
19786,3681,5.0
19810,20,2.0
19810,39183,2.0
20159,898,3.0
20853,524,4.5
20853,4887,3.0
20963,318,4.0
20963,1735,3.0
21229,5816,3.0
21229,1370,3.0
21962,296,5.0
21962,2761,4.0
22108,434,3.0
22108,2912,3.0
22223,350,3.0
22223,3699,5.0
22535,2333,3.5
22535,348,3.5
23917,377,5.0
23917,2762,5.0
24025,3081,3.5
24025,58,3.0
25066,339,4.5
25066,2003,4.0
25808,4105,5.0
25808,31685,4.0
26602,38061,4.0
26602,22,4.0
26957,924,5.0
26957,223,3.0
27383,562,5.0
27383,551,3.5
27409,70,1.0
27409,215,2.0
27816,509,3.5
27816,2433,3.5
27833,434,3.0
27833,1393,5.0
27881,180,3.5
27881,435,2.0
28268,1391,4.0
28268,22,4.5
28373,81229,3.0
28373,84954,2.0
28472,349,1.5
28472,4235,2.5
28646,940,3.5
28646,234,2.0
29289,329,3.0
29289,31696,3.5
29298,296,5.0
29298,2288,4.0
30025,22,2.5
30025,1049,3.0
30199,4639,3.5
30199,1271,2.5
30289,2176,4.0
30289,2335,4.0
30390,36529,4.0
30390,231,3.5
30415,333,4.0
30415,2470,3.5
30494,539,2.5
30494,84152,3.5
31195,46578,5.0
31195,292,2.0
31373,24,4.0
31373,2973,4.0
31864,186,1.0
31864,1955,3.0
32108,4958,2.5
32108,56152,3.5
32140,364,3.0
32140,2109,3.5
32778,70,3.5
32778,1281,4.0
32862,509,3.0
32862,74458,3.5
32984,28,4.0
32984,1247,5.0
33051,594,4.0
33051,2116,3.0
33213,53000,2.0
33213,2118,4.0
33732,2454,4.0
33732,502,2.5
33940,2006,3.5
33940,30810,2.5
34699,333,4.0
34699,2617,3.0
34874,74458,4.0
34874,186,2.0
34949,468,3.0
34949,454,3.5
35159,1278,0.5
35159,2502,0.5
35223,25,5.0
35223,161,4.0
35284,69,2.5
35284,1059,3.5
36422,3160,3.0
36422,1073,5.0
36483,608,5.0
36483,2087,5.0
36946,65,2.5
36946,1262,3.5
37461,8464,2.0
37461,266,3.0
37828,2300,2.0
37828,22,3.0
37887,431,3.5
37887,4979,4.5
38096,318,3.5
38096,54503,3.0
38312,551,4.0
38312,5902,4.0
39342,5060,5.0
39342,1266,4.0
39591,562,4.0
39591,1488,1.0
39742,77561,4.0
39782,344,4.0
39782,338,4.0
40207,2313,4.5
40207,314,3.0
40397,2565,4.0
40397,508,3.0
40465,2762,5.0
40465,2648,1.0
40829,349,2.5
40829,40815,2.5
41017,44191,3.0
41017,2028,5.0
41190,68954,4.0
41190,4973,3.5
41325,6373,1.0
41325,232,5.0
41941,65,2.5
41941,919,4.0
41952,1483,3.5
41952,471,4.0
41962,46972,1.5
41962,231,3.0
42198,1265,4.0
42198,260,4.0
42623,89,2.0
42623,8961,4.0
42671,2088,2.0
42671,31685,3.5
42957,4011,4.5
42957,30810,3.0
43264,20,2.0
43264,3210,5.0
43730,339,4.0
43730,5481,4.0
44175,41569,3.5
44175,236,4.0
44481,26,3.0
44481,163,3.0
44966,2300,1.0
44966,1126,5.0
45044,30707,3.0
45044,1259,4.5
45139,3686,3.0
45139,2371,3.5
45243,339,3.0
45243,3418,3.0
45439,4995,3.0
45439,832,3.0
45695,3037,4.5
45695,76,2.0
45700,68954,4.0
45700,236,3.5
45754,405,1.0
45754,2021,3.5
45811,233,4.5
45811,2193,3.5
46156,2788,4.0
46156,2395,3.0
46181,18,4.5
46181,2253,3.5
46657,428,4.5
46657,3699,4.5
47745,3175,4.0
47745,224,4.0
48329,1376,3.5
48329,377,4.0
49439,431,4.0
49439,380,4.0
50489,14,4.0
50489,1272,5.0
50783,204,2.5
50783,6957,3.0
51361,2011,3.0
51361,832,3.0
51709,333,3.5
51709,6003,4.0
52049,30810,1.5
52049,31685,2.5
52246,89492,3.5
52246,2133,3.5
53921,344,3.0
53921,4639,3.0
54852,2976,3.5
54852,539,4.5
55075,553,3.0
55075,539,5.0
55135,39446,0.5
55135,2019,5.0
55210,5991,1.5
55210,899,3.5
55859,1285,4.0
55859,653,3.0
56017,247,5.0
56017,2791,5.0
56556,1372,3.0
56556,2567,4.0
56845,3175,4.0
56845,8961,4.5
56954,25,4.0
56954,1644,3.5
57098,2762,4.0
57098,39446,2.0
57226,58,4.0
57226,866,4.0
57435,1280,4.0
57435,1735,3.0
57847,442,3.0
57847,4896,3.0
57929,1997,4.5
57929,4344,2.5
58487,253,3.0
58487,8970,4.5
58644,2791,4.0
58644,5618,3.5
58683,281,3.0
58683,2269,2.0
58796,21,2.5
58796,2640,4.0
59449,551,3.0
59449,926,2.5
59501,19,2.5
59501,2134,3.0
59554,2616,3.0
59554,2463,4.0
59622,21,3.5
59622,786,2.5
59686,288,1.0
59686,2502,4.5
60280,3638,4.0
60280,1073,4.5
61260,802,3.5
61260,953,5.0
61437,1405,4.0
61437,21,3.5
61488,434,4.0
61488,4025,3.0
61625,6537,2.5
61625,1367,1.0
61968,3083,4.0
61968,688,1.0
62021,89,3.0
62021,1359,1.0
62600,54503,4.0
62600,1994,4.0
63966,3543,3.0
63966,216,1.0
64917,858,5.0
64917,3052,3.0
65274,750,0.5
65274,788,0.5
65469,4993,5.0
65469,46976,2.0
65876,377,4.0
65876,2124,3.0
65913,410,3.0
65913,6003,3.5
66018,454,3.5
66018,2080,3.5
66349,6003,1.0
66349,951,4.0
67102,508,3.0
67102,492,4.0
67551,76,4.0
67551,4344,3.0
67934,586,3.0
67934,550,3.5
68014,40819,4.0
68014,1672,2.5
68023,227,1.0
68023,4816,2.0
68158,307,3.0
68158,36529,3.0
68367,25,3.0
68367,3107,3.0
68586,480,3.5
68586,77561,2.5
69191,46972,4.0
69191,481,3.5
69246,1573,4.0
69246,2640,5.0
69407,17,4.0
69407,2657,5.0
69873,70,2.5
69873,172,2.5
69949,2028,4.5
69949,44191,2.0
70648,1589,3.0
70648,464,2.5
70766,6593,3.0
70766,2501,4.0
70807,292,4.0
70807,5956,4.0
71155,256,1.5
71155,3635,2.0
71192,546,3.0
71192,540,2.0
71258,1213,4.5
71258,535,3.5
71563,25,1.0
71563,1250,5.0
71871,493,4.0
71871,2890,4.0
72058,597,2.5
72058,594,3.5
72067,339,4.0
72067,5065,1.5
73215,880,2.0
73215,1644,2.0
73229,379,3.0
73229,4643,2.5
73247,3578,4.0
73247,173,3.0
73497,48385,2.5
73497,1894,3.0
73500,22,3.5
73500,2109,3.5
73587,1379,2.0
73587,19,1.0
74103,6373,4.5
74103,466,4.0
74275,300,3.5
74275,2791,3.0
74722,466,2.5
74722,6373,2.5
75142,86332,2.5
75142,2268,3.0
75396,47099,3.5
75396,3173,1.0
75464,289,3.5
75464,3107,2.0
75660,539,1.0
75660,502,1.5
75781,58,5.0
75781,1610,5.0
76155,266,1.0
76155,1831,2.0
76960,8368,4.0
76960,410,3.0
77736,2805,3.5
77736,350,4.0
78447,905,0.5
78447,4641,4.5
78739,3536,3.0
78739,2009,3.0
78809,2002,1.5
78809,8981,3.5
78830,46578,5.0
78830,1947,5.0
78971,65,2.0
78971,912,5.0
79407,307,4.0
79407,1923,3.0
79642,1945,4.5
79642,3526,5.0
79988,492,5.0
79988,2124,4.0
80034,379,4.0
80034,2761,4.0
80181,45186,4.0
80181,1620,3.5
80372,39446,4.0
80372,1387,4.0
80922,260,5.0
80922,5481,4.5
81016,6373,5.0
81016,77561,4.0
81095,193,2.0
81095,508,3.0
81157,67087,4.0
81157,4638,3.0
81230,88,5.0
81230,2302,3.5
81593,1127,3.5
81593,1378,3.0
82193,454,2.0
82193,2694,3.5
82520,2761,3.0
82520,1672,2.5
82966,434,4.0
82966,3418,4.0
83312,1673,4.0
83312,2565,4.0
83643,104,3.5
83643,1285,4.0
83727,3210,3.0
83727,175,2.0
83777,968,4.5
83777,1719,4.0
83895,2321,2.0
83895,410,1.5
83917,1266,5.0
83917,2020,3.5
84145,19,2.5
84145,4351,3.0
84359,380,2.0
84359,2011,4.0
84382,41569,4.0
84382,1269,5.0
84439,2966,4.0
84439,186,1.0
84757,778,4.0
84757,951,4.0
84867,674,3.0
84867,920,3.0
84879,3083,4.0
84879,161,3.0
84964,329,2.5
84964,3088,3.5
85183,1245,3.5
85183,1997,4.0
85365,914,5.0
85365,216,3.0
85716,1566,3.5
85716,3638,2.5
86128,25,3.0
86128,160,3.5
86161,1396,3.5
86161,8368,4.0
86217,329,5.0
86217,1892,3.0
86403,6440,4.0
86403,1394,3.0
86459,26,3.0
86459,40815,3.5
86496,300,4.5
86496,8981,2.0
86664,6003,3.0
86664,172,2.5
86781,33660,3.0
86781,1405,3.5
87058,36529,4.0
87058,1407,4.0
87847,2355,5.0
87847,1259,5.0
88424,914,4.5
88424,1247,5.0
88971,802,4.0
88971,898,4.0
88986,3173,3.0
88986,246,4.0
89020,3160,4.5
89020,3072,3.5
89258,1370,3.0
89258,249,4.0
89485,20,3.5
89485,2115,4.5
89742,345,4.5
89742,5816,3.0
90830,2502,3.5
90830,22,3.5
90889,2926,4.5
90889,4641,4.5
90910,381,3.0
90910,377,5.0
91382,276,3.0
91382,6283,4.0
91462,455,2.5
91462,2728,4.0
92142,101,2.5
92142,8368,2.0
92483,31658,3.0
92483,1267,3.0
92519,497,5.0
92519,480,3.0
92656,1499,2.0
92656,2268,3.5
92893,104,3.0
92893,69526,2.0
92936,337,4.0
92936,1944,3.0
93379,2186,3.5
93379,3418,3.0
93455,761,1.0
93455,913,4.0
93728,5693,4.0
93728,253,4.0
95112,471,2.0
95112,1588,2.0
95593,380,2.5
95593,5060,3.0
95885,3060,4.0
95885,955,5.0
96252,2109,3.0
96252,2268,4.0
96618,317,1.0
96618,314,4.0
96874,58,2.5
96874,994,4.0
96899,464,2.0
96899,1266,4.0
97231,4499,3.0
97231,235,4.0
97293,1894,2.0
97293,11,3.0
97722,339,3.0
97722,1088,2.0
98011,76,2.5
98011,2759,3.0
98104,1907,4.0
98104,4886,5.0
98109,880,2.0
98415,2455,3.0
98415,339,2.0
98787,1376,4.0
98787,8665,3.5
98900,1639,3.5
98900,788,3.0
99291,2470,3.0
99291,1213,5.0
99753,40815,3.5
99753,1378,3.5
100021,3033,5.0
100021,4974,2.0
100425,5528,4.0
100425,47200,3.0
100834,20,3.0
100834,802,3.0
100941,5481,1.0
100941,296,4.0
101166,457,3.0
101166,30707,3.5
101273,4973,3.5
101273,1278,5.0
101276,1680,2.5
101276,2118,3.0
101625,51540,3.5
101625,267,1.0
101783,778,5.0
101783,3101,3.0
102105,2470,2.0
102105,165,2.0
103229,377,2.5
103229,3052,3.0
103741,21,4.0
103741,968,4.0
103789,4558,3.0
103789,923,3.5
104039,22,2.0
104039,1967,4.5
105124,6537,1.0
105124,1265,4.0
105419,144,3.5
105419,317,2.0
105700,3052,3.0
105700,653,2.5
105907,4728,3.0
105907,54272,3.5
105946,317,3.0
105946,2105,3.5
106115,41566,2.5
106115,65,1.0
106435,31658,3.0
106435,1267,3.5
106836,1552,3.0
106836,905,4.5
106847,783,3.0
106847,858,5.0
106987,2395,2.0
106987,585,2.0
107569,455,3.0
107569,1266,4.5
107720,1265,4.0
107720,910,3.0
108420,427,1.0
108420,4734,3.5
108610,2080,5.0
108610,920,5.0
109414,427,1.0
109414,2687,4.0
110138,24,3.0
110138,661,5.0
110487,77561,2.5
110487,1958,4.0
110817,494,3.0
110817,1393,3.0
111112,1967,3.0
111112,63876,3.5
111363,497,3.5
111363,49530,4.0
112681,1272,4.0
112681,2009,2.5
113644,4638,3.0
113644,955,5.0
113784,169,1.0
113784,435,1.0
114192,280,3.5
114192,8874,4.0
114527,2313,5.0
114527,22,2.5
114773,1499,2.5
114773,21,4.0
114940,19,2.0
114940,940,4.0
115466,21,3.0
115466,4992,2.5
115869,380,4.0
115869,8981,4.0
116793,342,3.5
116793,3543,5.0
116965,1729,4.0
116965,3593,0.5
117586,20,2.0
117586,2064,3.5
118105,3081,3.0
118105,7347,2.0
118351,468,3.5
118351,3178,2.5
118638,21,4.0
118638,2671,4.0
118673,494,4.0
118673,2989,3.0
119356,62,3.0
119356,838,4.0
119473,344,4.0
119473,45722,3.0
120076,339,2.5
120076,2324,4.0
120295,21,2.5
120295,4701,3.0
121083,5064,3.0
121083,41569,5.0
121435,410,2.0
121435,3556,4.0
121958,41566,5.0
121958,223,4.5
122125,1284,3.5
122125,2105,4.5
122297,1073,4.0
122297,1831,3.0
122366,39446,1.0
122366,296,5.0
122498,924,5.0
122498,1262,3.0
122587,457,2.5
122587,6016,5.0
122726,337,4.0
122726,46578,3.5
122780,434,2.0
122780,45722,2.0
123210,377,3.5
123210,349,3.5
123451,306,4.0
123451,296,5.0
123457,1479,3.0
123457,1639,4.0
125091,798,2.0
125091,2692,3.0
125248,4995,3.0
125248,1252,5.0
125783,24,3.0
125783,4857,3.0
125812,26,2.0
125812,4979,1.0
125846,552,3.0
125846,541,3.0
126833,33166,4.0
126833,1429,5.0
127346,58,3.5
127346,1907,3.0
127455,18,3.0
127455,1394,5.0
127473,1284,4.0
127473,707,2.0
127934,51540,4.0
127934,1968,4.0
127996,3635,3.5
127996,836,1.0
128273,5816,5.0
128273,788,4.0
128291,922,4.0
128291,225,2.0
128771,3210,4.0
128771,342,3.0
129326,256,1.0
129326,248,2.0
129463,4351,4.0
129463,44022,4.0
130144,648,3.5
130144,3683,4.5
130735,1835,1.5
130735,4816,3.0
130744,339,3.5
130744,3173,3.5
131365,5881,0.5
131365,783,2.5
131393,62,2.0
131393,8983,3.0
131714,16,4.0
131714,1372,2.0
131973,1091,2.5
131973,216,2.0
132062,30707,4.5
132062,81,2.0
132274,16,3.5
132274,69526,2.5
132429,22,3.0
132429,3082,2.0
133182,348,3.5
133182,4973,4.0
134408,47610,3.5
134408,207,2.0
134451,164,4.0
134451,415,3.0
134563,3527,3.0
134563,165,2.0
135719,475,3.0
135719,466,3.5
135761,1281,5.0
135761,1566,3.5
135890,22,4.0
135890,903,4.0
136192,480,4.0
136192,457,4.0
136702,25,4.0
136702,3396,5.0
137664,2454,3.0
137664,2657,2.5
138516,21,3.0
138516,3146,1.5
138586,40819,4.0
138586,1590,3.5
139640,454,2.0
139640,4499,2.0
139925,21,4.0
139925,67255,4.0
139956,4734,3.0
139956,858,5.0
140275,70,3.5
140275,33166,3.5
140405,440,3.5
140405,5816,2.5
140693,3578,5.0
140693,1103,4.0
141304,296,4.5
141304,6620,3.0
141583,2012,2.0
141583,2116,2.0
141589,593,3.5
141589,4993,5.0
141623,2395,4.5
141623,455,2.5
141895,318,5.0
141895,2334,2.5
142138,112,4.0
142138,260,5.0
142468,2133,4.5
142468,55765,3.5
142690,25,4.0
142690,8970,5.0
142957,442,3.0
142957,5991,5.0
143127,475,3.5
143127,457,3.0
143311,62,2.5
143311,33660,2.5
144196,4235,4.0
144196,63876,3.0
144405,2692,4.0
144405,4701,2.5
144834,364,3.0
144834,2232,3.0
144983,280,3.0
144983,2268,4.0
145228,19,1.0
145228,2662,4.0
145498,1610,3.5
145498,1779,2.5
146183,441,5.0
146183,1371,3.0
146185,1422,2.0
146185,2288,4.0
146263,135,1.0
146263,1367,2.0
146665,489,2.0
146665,471,3.5
146816,434,2.0
146816,3037,1.5
147118,2694,3.5
147118,1278,3.0
147287,292,3.0
147287,276,3.0
147611,76,3.0
147611,2100,3.0
148981,293,4.5
148981,7454,3.5
149101,319,5.0
149101,2006,1.0
149207,6537,4.0
149207,196,4.0
149517,86332,3.0
149517,65,3.0
149712,2078,3.5
149712,8371,2.5
150021,2141,2.5
150021,19,3.0
150168,1090,5.0
150168,507,3.5
150724,273,4.0
150724,3578,2.0
151028,1923,4.5
151028,4344,3.5
151100,543,5.0
151100,7451,3.5
151252,81847,3.0
151252,4973,3.0
151312,924,5.0
151312,1370,3.5
151923,1371,2.0
151923,273,2.5
152170,653,1.0
152170,913,4.0
152189,592,4.0
152189,8665,3.0
152198,551,4.0
152198,541,4.0
152250,48385,3.5
152250,256,3.0
152509,8961,3.5
152509,224,2.5
152810,33660,3.0
152810,2690,3.0
153362,292,2.5
153362,3146,1.0
153802,70,4.5
153802,1246,1.0
154080,673,2.0
154080,780,2.0
154703,33660,4.0
154703,24,1.0
155392,4816,3.0
155963,58,3.0
155963,39183,4.5
156296,2134,4.0
156296,4105,5.0
156384,553,4.0
156384,543,2.0
156637,25,4.0
156637,955,5.0
157370,81,2.0
157370,3104,4.0
157487,16,2.5
157487,38061,4.5
158396,2003,4.0
158396,783,4.0
158710,594,4.0
158710,8371,4.0
159488,25,4.0
159488,2761,5.0
159910,38061,4.0
159910,2687,5.0
159966,2788,3.0
159966,21,4.5
160153,1589,4.5
160153,765,2.0
160219,3578,4.0
160219,1394,4.0
161294,62,0.5
161294,40819,3.5
161404,2463,4.0
161404,968,3.0
161530,2115,3.0
161530,47610,3.0
162140,266,2.0
162140,5620,4.0
162505,216,1.0
162505,2021,4.0
162835,1429,3.5
162835,2447,3.5
162935,46976,4.0
162935,236,1.0
163575,2109,5.0
163575,858,5.0
164198,24,3.5
164198,1280,5.0
164215,22,3.5
164215,48385,4.0
164656,30793,3.5
164656,175,3.5
164792,2788,4.0
164792,2004,5.0
165164,27706,2.0
165164,2616,3.5
165352,185,0.5
165352,1271,0.5
166928,1641,3.0
166928,4034,3.5
167075,70,3.0
167075,186,1.0
167844,344,1.5
167844,55765,4.0
167850,2297,1.5
167850,3698,3.0
168140,586,5.0
168140,7445,4.0
168358,2143,4.0
168358,3418,3.0
168739,5902,4.5
168739,784,3.0
168762,16,4.0
168762,1259,4.5
169133,84152,5.0
169133,2009,3.5
169301,442,3.0
169301,3699,3.5
170444,377,3.5
170444,2447,1.5
170983,745,5.0
170983,940,4.0
171091,953,5.0
171091,1673,5.0
171292,62,4.0
171292,780,4.0
172038,1721,2.5
172038,5064,2.5
172224,204,4.0
172224,1090,5.0
172359,41566,2.0
172359,3033,2.0
172480,2082,2.0
172480,903,4.0
172644,24,3.0
172644,4886,5.0
172868,46976,4.5
172868,236,3.0
173766,6440,4.0
173766,1213,4.0
173979,2926,3.5
173979,586,3.0
174022,333,1.0
174022,2289,3.0
174159,54272,3.0
174159,24,2.5
174178,2058,3.0
174178,2115,4.0
174414,442,2.0
174414,2502,2.0
174639,1367,3.0
174639,1479,2.5
174759,1589,3.0
174759,2528,2.5
174781,3418,3.0
174781,165,3.0
175754,6957,5.0
175754,185,4.0
175794,6620,4.0
175794,553,4.0
176672,3699,2.0
176672,1090,3.5
176817,48780,3.5
176817,272,3.0
176920,22,3.0
176920,2728,4.0
177031,4979,5.0
177031,175,4.0
177150,1680,2.0
177150,902,5.0
177468,70,2.5
177468,30707,3.5
177593,4499,3.0
177593,1253,5.0
178012,22,4.0
178012,3060,5.0
178131,58,3.5
178131,31696,1.0
178767,54001,2.5
178767,249,3.5
178869,1059,4.0
178869,1127,4.0
179137,40629,4.0
179137,3019,4.0
179161,342,4.0
179161,2926,4.0
179383,1732,5.0
179383,6,4.0
179385,26,3.0
179385,8810,3.0
179792,3980,2.5
179792,481,3.0
180117,6003,4.0
180117,1260,4.5
180638,442,2.0
180638,2616,0.5
180711,2013,3.0
180711,383,4.0
180904,292,4.5
180904,4638,3.5
180941,1260,4.0
180941,1483,5.0
181107,33660,4.5
181107,1954,4.0
181135,2114,3.0
181135,3175,3.5
181436,8665,3.5
181436,185,3.0
181692,457,4.0
181692,1250,4.0
181749,1483,5.0
181749,1645,4.5
181791,315,2.5
181791,4011,4.0
182617,62,3.5
182617,1387,4.0
182803,2428,1.5
182803,4979,3.5
184347,2459,3.0
184347,2722,3.0
184764,899,1.5
184764,2762,3.0
185444,25,4.0
185444,2973,4.0
186059,1260,2.0
186059,5816,4.0
186075,2731,4.5
186075,95,2.5
186905,85414,3.5
186905,2288,5.0
186927,586,1.5
186927,41569,3.0
187002,3980,3.5
187002,38061,4.0
187619,534,3.0
187619,84944,5.0
188047,70,0.5
188047,2003,2.5
188391,88744,1.0
188391,2470,2.0
188407,8914,4.0
188407,2616,3.0
188471,24,1.0
188471,4993,4.0
188475,986,4.0
188475,1641,5.0
189090,248,2.0
189090,4886,3.0
189846,337,4.0
189846,5693,2.5
190329,531,3.0
190329,158,2.0
190640,1272,3.0
190640,1641,4.5
190682,25,3.0
190682,31696,2.0
191249,1894,2.0
191249,3556,4.5
191353,798,1.5
191353,2459,3.5
191836,2009,3.0
191836,2642,3.0
191837,8970,4.5
191837,1372,0.5
192348,4993,5.0
192348,273,4.0
192452,8983,5.0
192452,193,4.0
192900,45722,3.5
192900,1678,4.5
193640,2470,4.0
193640,5528,3.5
194008,36529,3.5
194008,1281,5.0
194193,28,5.0
194193,38061,3.0
194307,69,3.5
194307,46578,3.5
194690,1376,2.5
194690,3175,2.5
195702,924,5.0
195702,2059,5.0
195848,3489,4.0
195848,8961,4.5
196061,1645,3.5
196061,2064,3.5
196116,464,2.5
196116,1394,4.0
196272,273,4.0
196272,2990,4.0
196541,1653,4.0
196541,5693,3.5
197318,3082,2.5
197318,5995,3.5
197477,923,3.0
197477,2006,2.0
198290,26,4.0
198290,3591,3.0
198908,318,5.0
198908,8464,4.0
199049,69,3.0
199049,968,4.0
199211,3114,5.0
199211,5956,4.0
199282,163,1.0
199282,316,3.0
199290,22,3.5
199290,38061,4.0
200222,22,3.5
200222,4823,3.0
200303,3114,2.5
200303,8961,2.0
200459,3082,4.0
200459,203,2.0
200745,194,3.5
200745,381,3.5
201111,628,3.5
201111,2313,3.0
201225,542,1.5
201225,533,2.5
201297,40819,4.0
201297,253,3.0
201556,26,3.5
201556,168,2.5
201940,8970,4.0
201940,195,3.0
201948,26,2.0
201948,910,3.0
202098,616,2.0
202098,832,1.5
202154,1049,3.5
202154,1093,0.5
202179,16,5.0
202179,818,1.0
202727,53000,3.5
202727,2094,2.0
202988,25,4.0
202988,2455,4.5
203950,588,4.0
203950,4979,4.0
204412,364,2.0
204412,1909,2.5
204433,8961,4.0
204433,172,1.5
204641,5995,2.0
204641,27706,3.5
204961,381,3.0
204961,2176,3.0
205713,101,4.0
205713,4641,4.0
206345,2528,3.5
206345,2699,4.0
206544,17,4.0
206544,141,4.0
207039,21,4.0
207039,30810,4.0
207098,47099,3.5
207098,207,1.5
207230,1266,5.0
207230,2115,3.0
207890,318,3.5
207890,4638,3.0
208131,830,1.0
208131,1556,0.5
208241,81229,2.0
208241,1994,4.0
208461,25,1.0
208461,1283,3.0
208730,18,2.0
208730,953,5.0
209561,70,2.5
209561,3160,4.0
209577,36529,3.5
209577,1285,4.5
210063,786,3.0
210063,21,4.0
210792,912,5.0
210792,1680,4.5
210837,247,4.0
210837,3019,3.0
210880,377,2.0
210880,45186,3.5
211020,1092,4.0
211020,20,3.0
211228,2722,4.5
211228,327,0.5
211288,289,4.5
211288,5065,1.0
212236,3175,4.0
212236,8464,3.0
212863,2470,4.0
212863,22,3.0
213159,26,4.0
213159,2335,4.0
213212,25,3.5
213212,2395,2.5
213229,2990,3.0
213229,1391,1.0
214775,180,2.5
214775,1947,4.5
215032,69,3.0
215032,912,4.5
215931,1835,2.5
215931,2288,4.5
217047,158,4.0
217047,345,5.0
218565,25,3.5
218565,955,4.0
218864,562,3.5
218864,30793,3.5
219298,2321,3.0
219298,2642,3.0
219789,248,2.0
219789,2761,4.0
220106,2527,2.0
220106,4973,4.0
220351,1488,3.0
220351,2671,3.0
220587,235,2.0
220587,7090,4.0
221483,300,4.0
221483,2502,3.0
222072,69,3.0
222072,1254,4.0
222217,69,3.0
222217,2124,3.0
222647,5956,2.5
222647,1248,3.5
223535,1884,0.5
223535,3681,0.5
223692,464,3.0
223692,454,3.5
224021,58,3.5
224021,1073,5.0
224388,836,3.5
224388,1090,4.0
224518,19,2.0
224518,6947,3.5
224621,86332,1.0
224621,2005,4.0
224707,223,4.0
224707,2023,3.0
225172,802,2.0
225172,216,1.0
225233,62,3.5
225233,2567,3.0
225396,45722,3.5
225396,231,2.0
225793,339,4.0
225793,2959,5.0
225874,21,3.5
225874,56949,2.5
226949,628,2.0
226949,1281,4.0
227348,48780,5.0
227348,198,3.0
228291,586,3.5
228291,5060,4.0
228689,236,4.0
228689,3543,3.0
229483,349,3.5
229483,2761,4.0
229780,910,3.0
229780,2701,0.5
229879,1422,3.0
229879,415,3.0
229991,380,1.5
229991,4995,2.0
230115,30707,3.0
230115,207,4.0
230352,1285,3.5
230352,225,2.0
230417,1359,0.5
230417,8914,3.0
231744,17,3.0
231744,1089,5.0
231841,31685,3.5
231841,260,5.0
231990,4499,4.0
231990,953,3.5
232166,58559,4.0
232166,249,4.0
232517,26,4.0
232517,2359,3.5
234484,6537,3.5
234484,193,3.5
235254,25,5.0
235254,2642,3.0
235398,3089,3.5
235398,1792,3.0
235871,8961,4.5
235871,2662,4.0
235936,84944,2.0
235936,1994,4.0
236944,218,3.5
236944,207,3.5
237489,2082,4.0
237489,20,3.0
238114,276,1.0
238114,3638,1.0
238274,800,4.0
238274,196,3.0
238673,44191,4.0
238673,1244,3.5
238736,85414,3.5
238736,2395,4.0
238887,44555,5.0
238887,410,3.5
239107,3396,3.0
239107,203,3.0
239753,4975,2.5
239753,3681,4.5
239952,750,2.0
239952,1588,1.5
240088,46578,5.0
240088,1645,3.5
240591,329,3.0
240591,2770,3.0
241171,21,1.5
241171,5956,1.5
241177,30793,2.5
241177,1479,2.0
241343,65,1.0
241343,1248,1.0
241513,428,3.0
241513,1059,3.0
241715,913,3.5
241715,1644,1.0
242770,348,0.5
242770,3146,2.0
242856,592,3.0
242856,800,4.0
242927,292,4.0
242927,2791,4.5
243331,58,3.5
243331,7451,3.0
243443,2116,3.5
243443,6537,2.0
245152,380,4.0
245152,67255,4.0
245739,2926,2.5
246589,44022,4.0
246589,1387,3.0
248393,1375,3.0
248393,62,2.0
248757,16,5.0
248757,55765,3.5
249109,293,4.0
249109,5065,1.5
249378,101,5.0
249378,911,3.0
249810,22,4.0
249810,2064,4.0
250036,6620,5.0
250036,1093,3.5
250057,21,4.0
250057,81847,4.0
251006,4499,3.0
251006,198,1.0
251204,3081,4.0
251204,858,4.5
251298,1779,1.0
251298,2268,5.0
251794,314,3.0
251794,934,3.5
251932,41569,2.5
251932,1588,2.0
252168,344,1.0
252168,2006,4.0
252336,339,4.5
252336,54001,2.0
252350,20,5.0
252350,1590,2.0
253222,2648,3.5
253222,1253,4.0
253439,1280,4.0
253439,223,4.0
253754,21,0.5
253754,2469,2.5
254316,21,3.0
254316,158,4.0
254977,58,4.5
254977,1266,3.5
255249,70,4.0
255249,2011,2.0
255449,54272,3.5
255449,2094,3.0
255661,471,2.0
255661,3052,2.5
255933,6947,3.5
255933,2140,3.5
256346,25,4.0
256346,1088,3.5
256688,653,2.5
256688,1375,2.5
257255,3030,5.0
257255,24,2.5
257471,1580,3.5
257471,2890,3.5
258253,1259,3.5
258253,1894,1.0
258279,329,1.5
258279,2640,3.0
258935,527,4.5
258935,4235,4.0
259495,1380,3.5
259495,778,5.0
259550,3034,4.0
259550,24,3.5
260080,2770,2.0
260080,1089,4.0
260152,300,4.0
260152,8981,3.5
260489,3052,4.0
260489,1269,4.0
261032,41569,2.0
261032,1282,4.5
261052,786,2.0
261052,1254,3.0
261312,457,4.5
261312,440,3.0
261477,165,4.0
261477,339,3.0
261488,481,3.0
261488,3578,5.0
261793,5816,4.0
261793,788,2.0
262769,76,3.0
262769,1103,5.0
263115,2528,4.0
263115,2770,4.0
263265,442,3.0
263265,5991,5.0
263629,364,3.5
263629,68954,5.0
263891,65,2.5
263891,1090,5.0
263907,1367,3.0
263907,5881,3.5
264602,30793,4.0
264602,1375,4.0
265067,2539,3.0
265067,21,3.5
265270,431,3.0
265270,3030,4.0
265327,70,3.5
265327,3698,3.5
265335,198,4.0
265335,2791,3.0
265779,22,1.0
265779,562,4.0
266783,832,2.5
266783,3072,2.5
267131,1285,4.0
267131,2082,1.5
267597,27904,4.0
267597,1387,4.0
267772,26,3.0
267772,185,3.0
268146,58,4.0
268146,911,4.5
268171,24,2.0
268171,919,3.0
268239,2640,3.5
268239,62,3.5
268356,40815,3.5
268356,1391,3.0
269034,327,1.0
269034,2912,3.5
269132,7090,4.5
269132,261,4.0
269750,158,1.0
269750,342,3.0
270123,1556,1.0
270123,1921,3.5
270213,5481,2.5
270213,22,3.0
270654,76,2.0
270654,48385,5.0
